platform,source_commit,payload_bytes,lanes,repeat,send,batch_messages,messages,wall_ns,messages_per_second,cpu_ns_per_message,cpu_cycles_available,cpu_cycles_per_message,prepare_receive_p99_ns,poll_calls,send_busy,buffer_probes,buffer_waits,sg_writes,sg_messages,sg_ranges,sg_max_messages,sg_max_ranges,native_submitted,native_completed,receive_segments,peak_inflight_per_lane,application_workers
linux,0b02737e824af2e22223eb77935affee2b55e504,64,1,1,copy,0,65536,104383630,627837.909,1593.369,0,0.000,231471,10234,4604,65536,0,0,0,0,0,0,6154,6154,65536,128,1
linux,0b02737e824af2e22223eb77935affee2b55e504,64,1,1,sg,0,65536,604773715,108364.498,9228.241,0,0.000,1188093,71162,69627,65536,0,0,0,0,0,0,67203,67203,65536,128,1
linux,0b02737e824af2e22223eb77935affee2b55e504,64,1,1,batch_sg,1,65536,617650940,106105.238,9423.279,0,0.000,1964248,71162,4723,65536,0,65536,65536,131072,1,2,67203,67203,65536,128,1
linux,0b02737e824af2e22223eb77935affee2b55e504,64,1,1,batch_sg,2,65536,358480375,182816.144,5470.352,0,0.000,686359,38905,4659,65536,0,33280,65536,131072,2,4,34883,34883,65536,128,1
linux,0b02737e824af2e22223eb77935affee2b55e504,64,1,1,batch_sg,4,65536,231284538,283356.599,3528.366,0,0.000,453534,22522,4628,65536,0,16897,65536,131072,4,8,18468,18468,65536,128,1
linux,0b02737e824af2e22223eb77935affee2b55e504,64,1,1,batch_sg,8,65536,168249708,389516.278,2567.841,0,0.000,332860,14330,4612,65536,0,8705,65536,131072,8,16,10259,10259,65536,128,1
linux,0b02737e824af2e22223eb77935affee2b55e504,64,1,1,batch_sg,16,65536,167393693,391508.179,2554.565,0,0.000,328663,14330,4612,65536,0,4609,65536,131072,16,32,10259,10259,65536,128,1
linux,0b02737e824af2e22223eb77935affee2b55e504,64,8,1,copy,0,524288,334726447,1566317.824,2517.374,0,0.000,3290619,81872,36832,524288,0,0,0,0,0,0,49232,49232,524288,128,8
linux,0b02737e824af2e22223eb77935affee2b55e504,64,8,1,sg,0,524288,1856464674,282412.053,13603.189,0,0.000,7684420,569293,557013,524288,0,0,0,0,0,0,537621,537621,524288,128,8
linux,0b02737e824af2e22223eb77935affee2b55e504,64,8,1,batch_sg,1,524288,1917011263,273492.394,14260.412,0,0.000,8673129,569287,37780,687488,2550,524288,524288,1048576,1,2,537619,537617,524288,128,8
linux,0b02737e824af2e22223eb77935affee2b55e504,64,8,1,batch_sg,2,524288,1139901083,459941.663,8568.661,0,0.000,7010700,311240,37272,524288,0,266240,524288,1048576,2,4,279064,279064,524288,128,8
linux,0b02737e824af2e22223eb77935affee2b55e504,64,8,1,batch_sg,4,524288,746330278,702487.914,5604.254,0,0.000,6583655,180176,37024,524288,0,135176,524288,1048576,4,8,147744,147744,524288,128,8
linux,0b02737e824af2e22223eb77935affee2b55e504,64,8,1,batch_sg,8,524288,556941955,941369.195,4092.506,0,0.000,6321727,114639,36898,524288,0,69641,524288,1048576,8,16,82073,82072,524288,128,8
linux,0b02737e824af2e22223eb77935affee2b55e504,64,8,1,batch_sg,16,524288,546691619,959019.641,4075.441,0,0.000,3536428,114640,36896,524288,0,36872,524288,1048576,16,32,82072,82072,524288,128,8
linux,0b02737e824af2e22223eb77935affee2b55e504,65536,1,1,copy,0,1024,116256778,8808.089,113561.523,0,0.000,14509721,1295,1106,1024,0,0,0,0,0,0,1355,1355,2226,127,1
linux,0b02737e824af2e22223eb77935affee2b55e504,65536,1,1,sg,0,1024,110940297,9230.190,108357.422,0,0.000,7984714,2039,2018,1024,0,0,0,0,0,0,2213,2213,2016,65,1
linux,0b02737e824af2e22223eb77935affee2b55e504,65536,1,1,batch_sg,1,1024,111669195,9169.942,109094.727,0,0.000,13452141,2061,1824,1024,0,1024,1024,2048,1,2,2235,2235,2049,127,1
linux,0b02737e824af2e22223eb77935affee2b55e504,65536,1,1,batch_sg,2,1024,109957746,9312.668,107422.852,0,0.000,14377895,1566,1297,1408,6,513,1024,2048,2,4,1673,1673,2096,128,1
linux,0b02737e824af2e22223eb77935affee2b55e504,65536,1,1,batch_sg,4,1024,109582597,9344.549,107057.617,0,0.000,13352063,1320,1143,1024,0,257,1024,2048,4,8,1395,1395,2075,127,1
linux,0b02737e824af2e22223eb77935affee2b55e504,65536,1,1,batch_sg,8,1024,108902821,9402.879,106379.883,0,0.000,12656037,1199,1069,1024,0,129,1024,2048,8,16,1263,1263,2074,122,1
linux,0b02737e824af2e22223eb77935affee2b55e504,65536,1,1,batch_sg,16,1024,108261486,9458.581,105769.531,0,0.000,12749732,1197,1065,1024,0,65,1024,2048,16,32,1261,1261,2071,123,1
linux,0b02737e824af2e22223eb77935affee2b55e504,65536,8,1,copy,0,8192,432477861,18942.010,202241.211,0,0.000,73306552,9816,8477,8192,0,0,0,0,0,0,10352,10352,17274,128,8
linux,0b02737e824af2e22223eb77935affee2b55e504,65536,8,1,sg,0,8192,414020271,19786.471,200495.117,0,0.000,34313574,15647,15382,8192,0,0,0,0,0,0,17119,17119,15585,74,8
linux,0b02737e824af2e22223eb77935affee2b55e504,65536,8,1,batch_sg,1,8192,412168401,19875.371,197736.328,0,0.000,63402544,16121,14185,13696,86,8192,8192,16384,1,2,17600,17600,16336,128,8
linux,0b02737e824af2e22223eb77935affee2b55e504,65536,8,1,batch_sg,2,8192,409142155,20022.381,198184.326,0,0.000,61615089,12457,10653,11712,55,4104,8192,16384,2,4,13301,13301,16669,128,8
linux,0b02737e824af2e22223eb77935affee2b55e504,65536,8,1,batch_sg,4,8192,404723410,20240.984,196066.284,0,0.000,53117565,10763,9327,8384,3,2056,8192,16384,4,8,11416,11416,16786,128,8
linux,0b02737e824af2e22223eb77935affee2b55e504,65536,8,1,batch_sg,8,8192,402525051,20351.528,195018.799,0,0.000,70002022,9777,8448,8192,0,1032,8192,16384,8,16,10330,10330,16758,128,8
linux,0b02737e824af2e22223eb77935affee2b55e504,65536,8,1,batch_sg,16,8192,406293308,20162.774,194217.896,0,0.000,87048092,10164,8872,8192,0,520,8192,16384,16,32,10738,10738,17148,128,8
linux,0b02737e824af2e22223eb77935affee2b55e504,65536,8,2,sg,0,8192,408333348,20062.040,198577.515,0,0.000,31418136,16277,16121,8192,0,0,0,0,0,0,17753,17753,16351,77,8
linux,0b02737e824af2e22223eb77935affee2b55e504,65536,8,2,batch_sg,1,8192,425392707,19257.500,199024.292,0,0.000,66297086,15695,13640,11520,52,8192,8192,16384,1,2,17175,17175,15808,128,8
linux,0b02737e824af2e22223eb77935affee2b55e504,65536,8,2,batch_sg,2,8192,406797076,20137.805,197747.681,0,0.000,53435501,12363,10765,10304,33,4104,8192,16384,2,4,13276,13276,16548,128,8
linux,0b02737e824af2e22223eb77935affee2b55e504,65536,8,2,batch_sg,4,8192,415127277,19733.707,193437.866,0,0.000,71689547,10757,9333,8384,3,2056,8192,16384,4,8,11374,11374,16770,128,8
linux,0b02737e824af2e22223eb77935affee2b55e504,65536,8,2,batch_sg,8,8192,406890185,20133.196,197237.793,0,0.000,53445880,9714,8432,8192,0,1032,8192,16384,8,16,10282,10282,16680,128,8
linux,0b02737e824af2e22223eb77935affee2b55e504,65536,8,2,batch_sg,16,8192,407504502,20102.845,194828.491,0,0.000,61461062,9809,8599,8192,0,520,8192,16384,16,32,10391,10391,16777,128,8
linux,0b02737e824af2e22223eb77935affee2b55e504,65536,8,2,copy,0,8192,412996186,19835.534,198716.675,0,0.000,72750680,9750,8428,8192,0,0,0,0,0,0,10282,10282,17207,128,8
linux,0b02737e824af2e22223eb77935affee2b55e504,65536,1,2,sg,0,1024,111778392,9160.983,109062.500,0,0.000,7920410,2000,1979,1024,0,0,0,0,0,0,2174,2174,1979,65,1
linux,0b02737e824af2e22223eb77935affee2b55e504,65536,1,2,batch_sg,1,1024,112803188,9077.758,110188.477,0,0.000,13483847,2061,1824,1024,0,1024,1024,2048,1,2,2235,2235,2049,127,1
linux,0b02737e824af2e22223eb77935affee2b55e504,65536,1,2,batch_sg,2,1024,110562576,9261.723,108018.555,0,0.000,14062906,1536,1314,1472,7,513,1024,2048,2,4,1643,1643,2042,128,1
linux,0b02737e824af2e22223eb77935affee2b55e504,65536,1,2,batch_sg,4,1024,111218675,9207.087,108640.625,0,0.000,13304613,1320,1143,1024,0,257,1024,2048,4,8,1395,1395,2075,127,1
linux,0b02737e824af2e22223eb77935affee2b55e504,65536,1,2,batch_sg,8,1024,110436785,9272.273,107854.492,0,0.000,12724733,1353,1214,1024,0,129,1024,2048,8,16,1418,1418,2228,122,1
linux,0b02737e824af2e22223eb77935affee2b55e504,65536,1,2,batch_sg,16,1024,108103016,9472.446,105596.680,0,0.000,13404069,1248,1071,1024,0,65,1024,2048,16,32,1312,1312,2114,128,1
linux,0b02737e824af2e22223eb77935affee2b55e504,65536,1,2,copy,0,1024,112884246,9071.239,110249.023,0,0.000,13206821,1137,1006,1024,0,0,0,0,0,0,1197,1197,2072,126,1
linux,0b02737e824af2e22223eb77935affee2b55e504,64,8,2,sg,0,524288,1830608150,286400.997,13836.815,0,0.000,7631652,569289,557012,524288,0,0,0,0,0,0,537619,537619,524288,128,8
linux,0b02737e824af2e22223eb77935affee2b55e504,64,8,2,batch_sg,1,524288,1916883226,273510.662,14173.746,0,0.000,8665839,569287,37817,524288,0,524288,524288,1048576,1,2,537619,537618,524288,128,8
linux,0b02737e824af2e22223eb77935affee2b55e504,64,8,2,batch_sg,2,524288,1151062901,455481.624,8569.998,0,0.000,7015268,311240,37272,524288,0,266240,524288,1048576,2,4,279063,279063,524288,128,8
linux,0b02737e824af2e22223eb77935affee2b55e504,64,8,2,batch_sg,4,524288,750992523,698126.791,5567.865,0,0.000,6581353,180176,37024,524288,0,135176,524288,1048576,4,8,147744,147744,524288,128,8
linux,0b02737e824af2e22223eb77935affee2b55e504,64,8,2,batch_sg,8,524288,551684478,950340.314,4089.239,0,0.000,6401886,114640,36896,524288,0,69640,524288,1048576,8,16,82072,82072,524288,128,8
linux,0b02737e824af2e22223eb77935affee2b55e504,64,8,2,batch_sg,16,524288,541829877,967624.751,4041.534,0,0.000,6355307,114640,36896,524288,0,36872,524288,1048576,16,32,82072,82072,524288,128,8
linux,0b02737e824af2e22223eb77935affee2b55e504,64,8,2,copy,0,524288,328254163,1597201.373,2495.188,0,0.000,3295078,81872,36832,524288,0,0,0,0,0,0,49232,49232,524288,128,8
linux,0b02737e824af2e22223eb77935affee2b55e504,64,1,2,sg,0,65536,600932844,109057.111,9168.747,0,0.000,1186614,71162,69627,65536,0,0,0,0,0,0,67203,67203,65536,128,1
linux,0b02737e824af2e22223eb77935affee2b55e504,64,1,2,batch_sg,1,65536,606706977,108019.196,9257.843,0,0.000,1177867,71162,4723,65536,0,65536,65536,131072,1,2,67203,67203,65536,128,1
linux,0b02737e824af2e22223eb77935affee2b55e504,64,1,2,batch_sg,2,65536,358800895,182652.833,5474.716,0,0.000,736294,38905,4659,65536,0,33280,65536,131072,2,4,34883,34883,65536,128,1
linux,0b02737e824af2e22223eb77935affee2b55e504,64,1,2,batch_sg,4,65536,230054187,284872.016,3510.956,0,0.000,499222,22522,4628,65536,0,16897,65536,131072,4,8,18468,18468,65536,128,1
linux,0b02737e824af2e22223eb77935affee2b55e504,64,1,2,batch_sg,8,65536,167002559,392425.124,2549.149,0,0.000,308906,14330,4612,65536,0,8705,65536,131072,8,16,10259,10259,65536,128,1
linux,0b02737e824af2e22223eb77935affee2b55e504,64,1,2,batch_sg,16,65536,166125633,394496.616,2535.477,0,0.000,305740,14330,4612,65536,0,4609,65536,131072,16,32,10259,10259,65536,128,1
linux,0b02737e824af2e22223eb77935affee2b55e504,64,1,2,copy,0,65536,102593091,638795.453,1565.933,0,0.000,187710,10234,4604,65536,0,0,0,0,0,0,6154,6154,65536,128,1
linux,0b02737e824af2e22223eb77935affee2b55e504,64,1,3,batch_sg,1,65536,608207247,107752.744,9280.106,0,0.000,1358434,71162,4723,65536,0,65536,65536,131072,1,2,67203,67203,65536,128,1
linux,0b02737e824af2e22223eb77935affee2b55e504,64,1,3,batch_sg,2,65536,359709974,182191.223,5489.273,0,0.000,725729,38905,4659,65536,0,33280,65536,131072,2,4,34883,34883,65536,128,1
linux,0b02737e824af2e22223eb77935affee2b55e504,64,1,3,batch_sg,4,65536,231883362,282624.848,3538.666,0,0.000,608034,22522,4628,65536,0,16897,65536,131072,4,8,18468,18468,65536,128,1
linux,0b02737e824af2e22223eb77935affee2b55e504,64,1,3,batch_sg,8,65536,167492201,391277.920,2556.213,0,0.000,333067,14330,4612,65536,0,8705,65536,131072,8,16,10259,10259,65536,128,1
linux,0b02737e824af2e22223eb77935affee2b55e504,64,1,3,batch_sg,16,65536,165820362,395222.874,2530.930,0,0.000,304152,14330,4612,65536,0,4609,65536,131072,16,32,10259,10259,65536,128,1
linux,0b02737e824af2e22223eb77935affee2b55e504,64,1,3,copy,0,65536,104428575,627567.694,1593.948,0,0.000,190889,10234,4604,65536,0,0,0,0,0,0,6154,6154,65536,128,1
linux,0b02737e824af2e22223eb77935affee2b55e504,64,1,3,sg,0,65536,603230523,108641.717,9203.476,0,0.000,1218122,71162,69627,65536,0,0,0,0,0,0,67203,67203,65536,128,1
linux,0b02737e824af2e22223eb77935affee2b55e504,64,8,3,batch_sg,1,524288,1902226492,275618.073,14161.325,0,0.000,8774594,569292,37780,524288,0,524288,524288,1048576,1,2,537619,537619,524288,128,8
linux,0b02737e824af2e22223eb77935affee2b55e504,64,8,3,batch_sg,2,524288,1151550208,455288.876,8576.162,0,0.000,7049417,311240,37272,524288,0,266240,524288,1048576,2,4,279063,279063,524288,128,8
linux,0b02737e824af2e22223eb77935affee2b55e504,64,8,3,batch_sg,4,524288,756009238,693494.171,5560.884,0,0.000,6638670,180176,37024,524288,0,135176,524288,1048576,4,8,147744,147744,524288,128,8
linux,0b02737e824af2e22223eb77935affee2b55e504,64,8,3,batch_sg,8,524288,568512108,922210.790,4108.221,0,0.000,6445959,114640,36896,524288,0,69640,524288,1048576,8,16,82072,82072,524288,128,8
linux,0b02737e824af2e22223eb77935affee2b55e504,64,8,3,batch_sg,16,524288,543114866,965335.388,4075.943,0,0.000,3583934,114640,36896,524288,0,36872,524288,1048576,16,32,82072,82072,524288,128,8
linux,0b02737e824af2e22223eb77935affee2b55e504,64,8,3,copy,0,524288,336375085,1558641.003,2425.797,0,0.000,6198307,81872,36832,524288,0,0,0,0,0,0,49232,49232,524288,128,8
linux,0b02737e824af2e22223eb77935affee2b55e504,64,8,3,sg,0,524288,1831352568,286284.580,13780.617,0,0.000,7688585,569291,557008,524288,0,0,0,0,0,0,537650,537649,524288,128,8
linux,0b02737e824af2e22223eb77935affee2b55e504,65536,1,3,batch_sg,1,1024,109683697,9335.936,107159.180,0,0.000,12638815,1954,1710,1024,0,1024,1024,2048,1,2,2127,2127,1932,127,1
linux,0b02737e824af2e22223eb77935affee2b55e504,65536,1,3,batch_sg,2,1024,109469827,9354.176,106930.664,0,0.000,14357036,1536,1314,1472,7,513,1024,2048,2,4,1643,1643,2042,128,1
linux,0b02737e824af2e22223eb77935affee2b55e504,65536,1,3,batch_sg,4,1024,109260175,9372.125,106729.492,0,0.000,13319967,1320,1143,1024,0,257,1024,2048,4,8,1395,1395,2075,127,1
linux,0b02737e824af2e22223eb77935affee2b55e504,65536,1,3,batch_sg,8,1024,108297386,9455.445,105786.133,0,0.000,12564596,1199,1069,1024,0,129,1024,2048,8,16,1263,1263,2074,122,1
linux,0b02737e824af2e22223eb77935affee2b55e504,65536,1,3,batch_sg,16,1024,108316672,9453.762,105779.297,0,0.000,12746877,1197,1065,1024,0,65,1024,2048,16,32,1261,1261,2071,123,1
linux,0b02737e824af2e22223eb77935affee2b55e504,65536,1,3,copy,0,1024,110120974,9298.864,107571.289,0,0.000,13005170,1199,1063,1024,0,0,0,0,0,0,1259,1259,2132,125,1
linux,0b02737e824af2e22223eb77935affee2b55e504,65536,1,3,sg,0,1024,111519203,9182.275,108890.625,0,0.000,8008103,2061,2039,1024,0,0,0,0,0,0,2235,2235,2049,65,1
linux,0b02737e824af2e22223eb77935affee2b55e504,65536,8,3,batch_sg,1,8192,428173000,19132.453,196995.361,0,0.000,73146740,15484,13552,10752,40,8192,8192,16384,1,2,16946,16946,15383,128,8
linux,0b02737e824af2e22223eb77935affee2b55e504,65536,8,3,batch_sg,2,8192,414395062,19768.575,193972.900,0,0.000,71694246,12403,10856,9472,20,4104,8192,16384,2,4,13301,13301,16581,128,8
linux,0b02737e824af2e22223eb77935affee2b55e504,65536,8,3,batch_sg,4,8192,409936555,19983.580,199254.761,0,0.000,62512329,10614,9285,8320,2,2056,8192,16384,4,8,11252,11252,16620,128,8
linux,0b02737e824af2e22223eb77935affee2b55e504,65536,8,3,batch_sg,8,8192,412011599,19882.935,192333.496,0,0.000,73680878,9594,8261,8192,0,1032,8192,16384,8,16,10148,10148,16586,128,8
linux,0b02737e824af2e22223eb77935affee2b55e504,65536,8,3,batch_sg,16,8192,411655123,19900.153,196232.544,0,0.000,72145219,9889,8595,8192,0,520,8192,16384,16,32,10462,10462,16866,128,8
linux,0b02737e824af2e22223eb77935affee2b55e504,65536,8,3,copy,0,8192,411380630,19913.432,198828.247,0,0.000,71531622,9805,8572,8192,0,0,0,0,0,0,10354,10354,17254,128,8
linux,0b02737e824af2e22223eb77935affee2b55e504,65536,8,3,sg,0,8192,415854590,19699.193,196325.562,0,0.000,39154257,15686,15398,8192,0,0,0,0,0,0,17148,17148,15585,76,8
linux,0b02737e824af2e22223eb77935affee2b55e504,65536,8,4,batch_sg,2,8192,403665843,20294.013,196477.417,0,0.000,72927390,12339,10421,9856,26,4104,8192,16384,2,4,13197,13197,16429,128,8
linux,0b02737e824af2e22223eb77935affee2b55e504,65536,8,4,batch_sg,4,8192,415018230,19738.892,191192.261,0,0.000,71236831,10618,9248,8448,4,2056,8192,16384,4,8,11257,11257,16632,128,8
linux,0b02737e824af2e22223eb77935affee2b55e504,65536,8,4,batch_sg,8,8192,413424094,19815.004,193408.447,0,0.000,71916888,9952,8630,8192,0,1032,8192,16384,8,16,10515,10515,16931,128,8
linux,0b02737e824af2e22223eb77935affee2b55e504,65536,8,4,batch_sg,16,8192,402557462,20349.890,195550.781,0,0.000,71775397,10180,8918,8192,0,520,8192,16384,16,32,10741,10741,17152,128,8
linux,0b02737e824af2e22223eb77935affee2b55e504,65536,8,4,copy,0,8192,410882807,19937.558,199424.805,0,0.000,69879795,9868,8576,8192,0,0,0,0,0,0,10414,10414,17315,128,8
linux,0b02737e824af2e22223eb77935affee2b55e504,65536,8,4,sg,0,8192,419821121,19513.073,198519.653,0,0.000,38965334,15604,15283,8192,0,0,0,0,0,0,17073,17073,15496,82,8
linux,0b02737e824af2e22223eb77935affee2b55e504,65536,8,4,batch_sg,1,8192,420071258,19501.453,198009.888,0,0.000,60141330,15594,13841,11072,45,8192,8192,16384,1,2,17076,17076,15587,128,8
linux,0b02737e824af2e22223eb77935affee2b55e504,65536,1,4,batch_sg,2,1024,110295993,9284.109,107728.516,0,0.000,14279571,1536,1314,1472,7,513,1024,2048,2,4,1643,1643,2042,128,1
linux,0b02737e824af2e22223eb77935affee2b55e504,65536,1,4,batch_sg,4,1024,109059347,9389.383,106515.625,0,0.000,13274221,1320,1143,1024,0,257,1024,2048,4,8,1395,1395,2075,127,1
linux,0b02737e824af2e22223eb77935affee2b55e504,65536,1,4,batch_sg,8,1024,108837559,9408.517,106323.242,0,0.000,12650458,1199,1069,1024,0,129,1024,2048,8,16,1263,1263,2074,122,1
linux,0b02737e824af2e22223eb77935affee2b55e504,65536,1,4,batch_sg,16,1024,108350421,9450.817,105849.609,0,0.000,12739554,1197,1065,1024,0,65,1024,2048,16,32,1261,1261,2071,123,1
linux,0b02737e824af2e22223eb77935affee2b55e504,65536,1,4,copy,0,1024,112436019,9107.402,109835.938,0,0.000,13821871,1199,1063,1024,0,0,0,0,0,0,1259,1259,2132,125,1
linux,0b02737e824af2e22223eb77935affee2b55e504,65536,1,4,sg,0,1024,110729912,9247.727,108160.156,0,0.000,7914104,2039,2018,1024,0,0,0,0,0,0,2213,2213,2016,65,1
linux,0b02737e824af2e22223eb77935affee2b55e504,65536,1,4,batch_sg,1,1024,110575865,9260.610,108024.414,0,0.000,13362374,2039,1805,1024,0,1024,1024,2048,1,2,2213,2213,2016,127,1
linux,0b02737e824af2e22223eb77935affee2b55e504,64,8,4,batch_sg,2,524288,1142363424,458950.268,8491.838,0,0.000,7003377,311240,37272,524288,0,266240,524288,1048576,2,4,279063,279063,524288,128,8
linux,0b02737e824af2e22223eb77935affee2b55e504,64,8,4,batch_sg,4,524288,744357600,704349.630,5564.373,0,0.000,6646282,180176,37024,524288,0,135176,524288,1048576,4,8,147744,147744,524288,128,8
linux,0b02737e824af2e22223eb77935affee2b55e504,64,8,4,batch_sg,8,524288,560148894,935979.711,4095.072,0,0.000,6429088,114640,36896,524288,0,69640,524288,1048576,8,16,82072,82072,524288,128,8
linux,0b02737e824af2e22223eb77935affee2b55e504,64,8,4,batch_sg,16,524288,539115338,972496.909,4044.207,0,0.000,4426456,114640,36896,524288,0,36872,524288,1048576,16,32,82072,82072,524288,128,8
linux,0b02737e824af2e22223eb77935affee2b55e504,64,8,4,copy,0,524288,340571732,1539434.870,2462.473,0,0.000,3291321,81872,36832,524288,0,0,0,0,0,0,49232,49232,524288,128,8
linux,0b02737e824af2e22223eb77935affee2b55e504,64,8,4,sg,0,524288,1853513143,282861.765,13774.803,0,0.000,7648674,569284,557000,524288,0,0,0,0,0,0,537620,537619,524288,128,8
linux,0b02737e824af2e22223eb77935affee2b55e504,64,8,4,batch_sg,1,524288,1900735493,275834.277,14342.495,0,0.000,7791010,569290,37899,524288,0,524288,524288,1048576,1,2,537616,537616,524288,128,8
linux,0b02737e824af2e22223eb77935affee2b55e504,64,1,4,batch_sg,2,65536,357641070,183245.174,5457.932,0,0.000,688555,38905,4659,65536,0,33280,65536,131072,2,4,34883,34883,65536,128,1
linux,0b02737e824af2e22223eb77935affee2b55e504,64,1,4,batch_sg,4,65536,229661382,285359.251,3504.868,0,0.000,438238,22522,4628,65536,0,16897,65536,131072,4,8,18468,18468,65536,128,1
linux,0b02737e824af2e22223eb77935affee2b55e504,64,1,4,batch_sg,8,65536,166549266,393493.178,2541.641,0,0.000,307886,14330,4612,65536,0,8705,65536,131072,8,16,10259,10259,65536,128,1
linux,0b02737e824af2e22223eb77935affee2b55e504,64,1,4,batch_sg,16,65536,166823217,392846.998,2545.273,0,0.000,329155,14330,4612,65536,0,4609,65536,131072,16,32,10259,10259,65536,128,1
linux,0b02737e824af2e22223eb77935affee2b55e504,64,1,4,copy,0,65536,101906642,643098.416,1555.420,0,0.000,196146,10234,4604,65536,0,0,0,0,0,0,6154,6154,65536,128,1
linux,0b02737e824af2e22223eb77935affee2b55e504,64,1,4,sg,0,65536,598193116,109556.593,9127.457,0,0.000,1153443,71162,69627,65536,0,0,0,0,0,0,67203,67203,65536,128,1
linux,0b02737e824af2e22223eb77935affee2b55e504,64,1,4,batch_sg,1,65536,608365317,107724.747,9280.838,0,0.000,1302532,71162,4723,65536,0,65536,65536,131072,1,2,67203,67203,65536,128,1
linux,0b02737e824af2e22223eb77935affee2b55e504,64,1,5,batch_sg,4,65536,230459633,284370.843,3516.953,0,0.000,425024,22522,4628,65536,0,16897,65536,131072,4,8,18468,18468,65536,128,1
linux,0b02737e824af2e22223eb77935affee2b55e504,64,1,5,batch_sg,8,65536,168266803,389476.705,2567.932,0,0.000,313325,14330,4612,65536,0,8705,65536,131072,8,16,10259,10259,65536,128,1
linux,0b02737e824af2e22223eb77935affee2b55e504,64,1,5,batch_sg,16,65536,164807037,397652.923,2514.740,0,0.000,298457,14330,4612,65536,0,4609,65536,131072,16,32,10259,10259,65536,128,1
linux,0b02737e824af2e22223eb77935affee2b55e504,64,1,5,copy,0,65536,103297165,634441.420,1576.843,0,0.000,212978,10234,4604,65536,0,0,0,0,0,0,6154,6154,65536,128,1
linux,0b02737e824af2e22223eb77935affee2b55e504,64,1,5,sg,0,65536,598209176,109553.652,9128.387,0,0.000,1144487,71162,69627,65536,0,0,0,0,0,0,67203,67203,65536,128,1
linux,0b02737e824af2e22223eb77935affee2b55e504,64,1,5,batch_sg,1,65536,606834479,107996.500,9258.591,0,0.000,1406917,71162,4723,65536,0,65536,65536,131072,1,2,67203,67203,65536,128,1
linux,0b02737e824af2e22223eb77935affee2b55e504,64,1,5,batch_sg,2,65536,361124465,181477.597,5510.712,0,0.000,699556,38905,4659,65536,0,33280,65536,131072,2,4,34883,34883,65536,128,1
linux,0b02737e824af2e22223eb77935affee2b55e504,64,8,5,batch_sg,4,524288,748746639,700220.839,5579.710,0,0.000,5670978,180176,37024,524288,0,135176,524288,1048576,4,8,147744,147744,524288,128,8
linux,0b02737e824af2e22223eb77935affee2b55e504,64,8,5,batch_sg,8,524288,556409716,942269.671,4083.128,0,0.000,6456564,114640,36896,524288,0,69640,524288,1048576,8,16,82072,82072,524288,128,8
linux,0b02737e824af2e22223eb77935affee2b55e504,64,8,5,batch_sg,16,524288,541411121,968373.164,4065.584,0,0.000,4380819,114640,36896,524288,0,36872,524288,1048576,16,32,82072,82072,524288,128,8
linux,0b02737e824af2e22223eb77935affee2b55e504,64,8,5,copy,0,524288,338378297,1549413.791,2482.288,0,0.000,6204744,81872,36832,524288,0,0,0,0,0,0,49232,49232,524288,128,8
linux,0b02737e824af2e22223eb77935affee2b55e504,64,8,5,sg,0,524288,1858434637,282112.693,13761.976,0,0.000,7686591,569292,557012,524288,0,0,0,0,0,0,537620,537620,524288,128,8
linux,0b02737e824af2e22223eb77935affee2b55e504,64,8,5,batch_sg,1,524288,1916113674,273620.510,14229.856,0,0.000,8702446,569294,37782,524288,0,524288,524288,1048576,1,2,537620,537620,524288,128,8
linux,0b02737e824af2e22223eb77935affee2b55e504,64,8,5,batch_sg,2,524288,1146438363,457318.960,8519.644,0,0.000,7019929,311240,37272,524288,0,266240,524288,1048576,2,4,279063,279063,524288,128,8
linux,0b02737e824af2e22223eb77935affee2b55e504,65536,1,5,batch_sg,4,1024,110678657,9252.010,108124.023,0,0.000,13471217,1320,1143,1024,0,257,1024,2048,4,8,1395,1395,2075,127,1
linux,0b02737e824af2e22223eb77935affee2b55e504,65536,1,5,batch_sg,8,1024,108985247,9395.767,106448.242,0,0.000,12652339,1199,1069,1024,0,129,1024,2048,8,16,1263,1263,2074,122,1
linux,0b02737e824af2e22223eb77935affee2b55e504,65536,1,5,batch_sg,16,1024,114140066,8971.433,111502.930,0,0.000,15359180,1197,1065,1024,0,65,1024,2048,16,32,1261,1261,2071,123,1
linux,0b02737e824af2e22223eb77935affee2b55e504,65536,1,5,copy,0,1024,111739944,9164.136,109146.484,0,0.000,14321473,1125,952,1024,0,0,0,0,0,0,1182,1182,2057,127,1
linux,0b02737e824af2e22223eb77935affee2b55e504,65536,1,5,sg,0,1024,111255216,9204.063,108679.688,0,0.000,8009535,2039,2018,1024,0,0,0,0,0,0,2213,2213,2016,65,1
linux,0b02737e824af2e22223eb77935affee2b55e504,65536,1,5,batch_sg,1,1024,111904471,9150.662,109322.266,0,0.000,13679850,2039,1805,1024,0,1024,1024,2048,1,2,2213,2213,2016,127,1
linux,0b02737e824af2e22223eb77935affee2b55e504,65536,1,5,batch_sg,2,1024,110394370,9275.835,107833.984,0,0.000,14303069,1536,1314,1472,7,513,1024,2048,2,4,1643,1643,2042,128,1
linux,0b02737e824af2e22223eb77935affee2b55e504,65536,8,5,batch_sg,4,8192,405708402,20191.842,196396.606,0,0.000,73236948,10557,9227,8320,2,2056,8192,16384,4,8,11155,11155,16569,128,8
linux,0b02737e824af2e22223eb77935affee2b55e504,65536,8,5,batch_sg,8,8192,404760787,20239.115,196630.127,0,0.000,66796801,10103,8841,8192,0,1032,8192,16384,8,16,10680,10680,17042,128,8
linux,0b02737e824af2e22223eb77935affee2b55e504,65536,8,5,batch_sg,16,8192,406786058,20138.350,190865.112,0,0.000,72763223,9663,8415,8192,0,520,8192,16384,16,32,10238,10238,16640,128,8
linux,0b02737e824af2e22223eb77935affee2b55e504,65536,8,5,copy,0,8192,414743432,19751.970,201541.016,0,0.000,70802572,10049,8800,8192,0,0,0,0,0,0,10603,10603,17494,128,8
linux,0b02737e824af2e22223eb77935affee2b55e504,65536,8,5,sg,0,8192,413345806,19818.757,195393.677,0,0.000,37728050,16212,15974,8192,0,0,0,0,0,0,17688,17688,16403,68,8
linux,0b02737e824af2e22223eb77935affee2b55e504,65536,8,5,batch_sg,1,8192,423086727,19362.460,195556.274,0,0.000,72377623,15440,13585,8896,11,8192,8192,16384,1,2,16901,16901,15451,128,8
linux,0b02737e824af2e22223eb77935affee2b55e504,65536,8,5,batch_sg,2,8192,405143626,20219.990,196620.483,0,0.000,67605700,12689,10913,12544,68,4104,8192,16384,2,4,13579,13579,16845,128,8
linux,0b02737e824af2e22223eb77935affee2b55e504,65536,8,6,batch_sg,8,8192,404969767,20228.671,192077.148,0,0.000,74577089,10283,9014,8192,0,1032,8192,16384,8,16,10852,10852,17246,128,8
linux,0b02737e824af2e22223eb77935affee2b55e504,65536,8,6,batch_sg,16,8192,401097389,20423.967,194671.631,0,0.000,70986534,9748,8444,8192,0,520,8192,16384,16,32,10299,10299,16729,128,8
linux,0b02737e824af2e22223eb77935affee2b55e504,65536,8,6,copy,0,8192,417646439,19614.677,195735.107,0,0.000,73761646,9990,8669,8192,0,0,0,0,0,0,10524,10524,17452,128,8
linux,0b02737e824af2e22223eb77935affee2b55e504,65536,8,6,sg,0,8192,413102028,19830.452,197867.310,0,0.000,30165254,16406,16140,8192,0,0,0,0,0,0,17970,17970,16659,68,8
linux,0b02737e824af2e22223eb77935affee2b55e504,65536,8,6,batch_sg,1,8192,418471255,19576.016,201564.819,0,0.000,62405580,15567,13441,16960,137,8192,8192,16384,1,2,17054,17054,15772,128,8
linux,0b02737e824af2e22223eb77935affee2b55e504,65536,8,6,batch_sg,2,8192,404985348,20227.892,194437.988,0,0.000,73637191,12487,10722,9728,24,4104,8192,16384,2,4,13365,13365,16634,128,8
linux,0b02737e824af2e22223eb77935affee2b55e504,65536,8,6,batch_sg,4,8192,405194237,20217.464,195378.052,0,0.000,72196863,10600,9144,8704,8,2056,8192,16384,4,8,11229,11229,16602,128,8
linux,0b02737e824af2e22223eb77935affee2b55e504,65536,1,6,batch_sg,8,1024,109049404,9390.239,106501.953,0,0.000,12636091,1301,1164,1024,0,129,1024,2048,8,16,1365,1365,2175,122,1
linux,0b02737e824af2e22223eb77935affee2b55e504,65536,1,6,batch_sg,16,1024,106326161,9630.744,103836.914,0,0.000,13397874,1248,1071,1024,0,65,1024,2048,16,32,1312,1312,2114,128,1
linux,0b02737e824af2e22223eb77935affee2b55e504,65536,1,6,copy,0,1024,111733132,9164.694,109135.742,0,0.000,13246831,1137,1006,1024,0,0,0,0,0,0,1197,1197,2072,126,1
linux,0b02737e824af2e22223eb77935affee2b55e504,65536,1,6,sg,0,1024,110415293,9274.078,107829.102,0,0.000,7942512,2061,2039,1024,0,0,0,0,0,0,2235,2235,2049,65,1
linux,0b02737e824af2e22223eb77935affee2b55e504,65536,1,6,batch_sg,1,1024,110792547,9242.499,108225.586,0,0.000,13557301,2039,1805,1024,0,1024,1024,2048,1,2,2213,2213,2016,127,1
linux,0b02737e824af2e22223eb77935affee2b55e504,65536,1,6,batch_sg,2,1024,108307469,9454.565,105786.133,0,0.000,14083963,1536,1314,1472,7,513,1024,2048,2,4,1643,1643,2042,128,1
linux,0b02737e824af2e22223eb77935affee2b55e504,65536,1,6,batch_sg,4,1024,108568856,9431.802,106068.359,0,0.000,13168535,1320,1143,1024,0,257,1024,2048,4,8,1395,1395,2075,127,1
linux,0b02737e824af2e22223eb77935affee2b55e504,64,8,6,batch_sg,8,524288,555033226,944606.513,4117.123,0,0.000,4341933,114640,36896,524288,0,69640,524288,1048576,8,16,82072,82072,524288,128,8
linux,0b02737e824af2e22223eb77935affee2b55e504,64,8,6,batch_sg,16,524288,541063776,968994.827,4037.096,0,0.000,6422857,114640,36896,524288,0,36872,524288,1048576,16,32,82072,82072,524288,128,8
linux,0b02737e824af2e22223eb77935affee2b55e504,64,8,6,copy,0,524288,338128107,1550560.244,2459.244,0,0.000,5277295,81872,36832,524288,0,0,0,0,0,0,49232,49232,524288,128,8
linux,0b02737e824af2e22223eb77935affee2b55e504,64,8,6,sg,0,524288,1822827388,287623.504,13723.179,0,0.000,7566601,569292,557012,524288,0,0,0,0,0,0,537620,537620,524288,128,8
linux,0b02737e824af2e22223eb77935affee2b55e504,64,8,6,batch_sg,1,524288,1904855988,275237.605,14255.526,0,0.000,7777701,569289,37888,720128,3060,524288,524288,1048576,1,2,537618,537618,524288,128,8
linux,0b02737e824af2e22223eb77935affee2b55e504,64,8,6,batch_sg,2,524288,1141676864,459226.263,8503.269,0,0.000,7034543,311236,37296,524288,0,266240,524288,1048576,2,4,279065,279063,524288,128,8
linux,0b02737e824af2e22223eb77935affee2b55e504,64,8,6,batch_sg,4,524288,745057749,703687.735,5562.962,0,0.000,6168025,180176,37024,524288,0,135176,524288,1048576,4,8,147744,147744,524288,128,8
linux,0b02737e824af2e22223eb77935affee2b55e504,64,1,6,batch_sg,8,65536,163640918,400486.631,2497.299,0,0.000,300521,14330,4612,65536,0,8705,65536,131072,8,16,10259,10259,65536,128,1
linux,0b02737e824af2e22223eb77935affee2b55e504,64,1,6,batch_sg,16,65536,163881638,399898.371,2500.763,0,0.000,412199,14330,4612,65536,0,4609,65536,131072,16,32,10259,10259,65536,128,1
linux,0b02737e824af2e22223eb77935affee2b55e504,64,1,6,copy,0,65536,102125902,641717.710,1558.838,0,0.000,172412,10234,4604,65536,0,0,0,0,0,0,6154,6154,65536,128,1
linux,0b02737e824af2e22223eb77935affee2b55e504,64,1,6,sg,0,65536,584784402,112068.653,8922.943,0,0.000,1129549,71162,69627,65536,0,0,0,0,0,0,67203,67203,65536,128,1
linux,0b02737e824af2e22223eb77935affee2b55e504,64,1,6,batch_sg,1,65536,598194398,109556.359,9127.396,0,0.000,1478771,71162,4723,65536,0,65536,65536,131072,1,2,67203,67203,65536,128,1
linux,0b02737e824af2e22223eb77935affee2b55e504,64,1,6,batch_sg,2,65536,358257835,182929.705,5466.904,0,0.000,683426,38905,4659,65536,0,33280,65536,131072,2,4,34883,34883,65536,128,1
linux,0b02737e824af2e22223eb77935affee2b55e504,64,1,6,batch_sg,4,65536,229872393,285097.306,3507.584,0,0.000,442236,22522,4628,65536,0,16897,65536,131072,4,8,18468,18468,65536,128,1
linux,0b02737e824af2e22223eb77935affee2b55e504,64,1,7,batch_sg,16,65536,165332610,396388.831,2523.224,0,0.000,302224,14330,4612,65536,0,4609,65536,131072,16,32,10259,10259,65536,128,1
linux,0b02737e824af2e22223eb77935affee2b55e504,64,1,7,copy,0,65536,102385770,640088.950,1562.531,0,0.000,176851,10234,4604,65536,0,0,0,0,0,0,6154,6154,65536,128,1
linux,0b02737e824af2e22223eb77935affee2b55e504,64,1,7,sg,0,65536,599685311,109283.984,9149.796,0,0.000,1152762,71162,69627,65536,0,0,0,0,0,0,67203,67203,65536,128,1
linux,0b02737e824af2e22223eb77935affee2b55e504,64,1,7,batch_sg,1,65536,610127584,107413.600,9309.235,0,0.000,1205341,71162,4723,65536,0,65536,65536,131072,1,2,67203,67203,65536,128,1
linux,0b02737e824af2e22223eb77935affee2b55e504,64,1,7,batch_sg,2,65536,359093983,182503.754,5479.324,0,0.000,854586,38905,4659,65536,0,33280,65536,131072,2,4,34883,34883,65536,128,1
linux,0b02737e824af2e22223eb77935affee2b55e504,64,1,7,batch_sg,4,65536,231537740,283046.729,3533.386,0,0.000,441574,22522,4628,65536,0,16897,65536,131072,4,8,18468,18468,65536,128,1
linux,0b02737e824af2e22223eb77935affee2b55e504,64,1,7,batch_sg,8,65536,167517011,391219.970,2556.763,0,0.000,351937,14330,4612,65536,0,8705,65536,131072,8,16,10259,10259,65536,128,1
linux,0b02737e824af2e22223eb77935affee2b55e504,64,8,7,batch_sg,16,524288,542695440,966081.454,4065.992,0,0.000,6379701,114640,36896,524288,0,36872,524288,1048576,16,32,82072,82072,524288,128,8
linux,0b02737e824af2e22223eb77935affee2b55e504,64,8,7,copy,0,524288,328985457,1593650.992,2499.464,0,0.000,5206130,81872,36832,524288,0,0,0,0,0,0,49232,49232,524288,128,8
linux,0b02737e824af2e22223eb77935affee2b55e504,64,8,7,sg,0,524288,1840723175,284827.185,13728.157,0,0.000,7674261,569293,557013,524288,0,0,0,0,0,0,537621,537621,524288,128,8
linux,0b02737e824af2e22223eb77935affee2b55e504,64,8,7,batch_sg,1,524288,1890488763,277329.340,14289.080,0,0.000,7768137,569294,37782,524288,0,524288,524288,1048576,1,2,537620,537620,524288,128,8
linux,0b02737e824af2e22223eb77935affee2b55e504,64,8,7,batch_sg,2,524288,1156734980,453248.159,8555.622,0,0.000,6980747,311240,37272,524288,0,266240,524288,1048576,2,4,279063,279063,524288,128,8
linux,0b02737e824af2e22223eb77935affee2b55e504,64,8,7,batch_sg,4,524288,752825181,696427.289,5604.807,0,0.000,6608533,180176,37024,524288,0,135176,524288,1048576,4,8,147744,147744,524288,128,8
linux,0b02737e824af2e22223eb77935affee2b55e504,64,8,7,batch_sg,8,524288,554694126,945183.977,4120.323,0,0.000,5462224,114640,36896,524288,0,69640,524288,1048576,8,16,82072,82072,524288,128,8
linux,0b02737e824af2e22223eb77935affee2b55e504,65536,1,7,batch_sg,16,1024,108283266,9456.678,105760.742,0,0.000,12737992,1197,1065,1024,0,65,1024,2048,16,32,1261,1261,2071,123,1
linux,0b02737e824af2e22223eb77935affee2b55e504,65536,1,7,copy,0,1024,110349822,9279.580,107773.438,0,0.000,13068958,1137,1006,1024,0,0,0,0,0,0,1197,1197,2072,126,1
linux,0b02737e824af2e22223eb77935affee2b55e504,65536,1,7,sg,0,1024,110308024,9283.096,107736.328,0,0.000,7957760,2061,2039,1024,0,0,0,0,0,0,2235,2235,2049,65,1
linux,0b02737e824af2e22223eb77935affee2b55e504,65536,1,7,batch_sg,1,1024,110994214,9225.706,108434.570,0,0.000,13441565,2061,1824,1024,0,1024,1024,2048,1,2,2235,2235,2049,127,1
linux,0b02737e824af2e22223eb77935affee2b55e504,65536,1,7,batch_sg,2,1024,109377116,9362.105,106849.609,0,0.000,14207964,1536,1314,1472,7,513,1024,2048,2,4,1643,1643,2042,128,1
linux,0b02737e824af2e22223eb77935affee2b55e504,65536,1,7,batch_sg,4,1024,108921687,9401.250,106396.484,0,0.000,13299800,1320,1143,1024,0,257,1024,2048,4,8,1395,1395,2075,127,1
linux,0b02737e824af2e22223eb77935affee2b55e504,65536,1,7,batch_sg,8,1024,107958206,9485.152,105475.586,0,0.000,12558477,1199,1069,1024,0,129,1024,2048,8,16,1263,1263,2074,122,1
linux,0b02737e824af2e22223eb77935affee2b55e504,65536,8,7,batch_sg,16,8192,402627631,20346.343,191352.051,0,0.000,65011157,9909,8654,8192,0,520,8192,16384,16,32,10488,10488,16889,128,8
linux,0b02737e824af2e22223eb77935affee2b55e504,65536,8,7,copy,0,8192,412361583,19866.060,196066.162,0,0.000,70030899,9718,8455,8192,0,0,0,0,0,0,10259,10259,17168,128,8
linux,0b02737e824af2e22223eb77935affee2b55e504,65536,8,7,sg,0,8192,411735292,19896.278,198164.307,0,0.000,30511786,16049,15817,8192,0,0,0,0,0,0,17070,17070,15539,88,8
linux,0b02737e824af2e22223eb77935affee2b55e504,65536,8,7,batch_sg,1,8192,420949930,19460.747,197235.840,0,0.000,65215012,16117,14345,10944,43,8192,8192,16384,1,2,17599,17599,16295,128,8
linux,0b02737e824af2e22223eb77935affee2b55e504,65536,8,7,batch_sg,2,8192,416985669,19645.759,197119.629,0,0.000,72425421,12889,11232,10176,31,4104,8192,16384,2,4,13780,13780,17132,128,8
linux,0b02737e824af2e22223eb77935affee2b55e504,65536,8,7,batch_sg,4,8192,407643702,20095.981,197635.620,0,0.000,62461995,11736,10354,8256,1,2056,8192,16384,4,8,11185,11185,16554,128,8
linux,0b02737e824af2e22223eb77935affee2b55e504,65536,8,7,batch_sg,8,8192,404045543,20274.942,195964.722,0,0.000,52750065,9987,8781,8192,0,1032,8192,16384,8,16,10558,10558,16917,128,8
linux,0b02737e824af2e22223eb77935affee2b55e504,65536,8,8,copy,0,8192,408854749,20036.456,198714.966,0,0.000,73132119,9533,8217,8192,0,0,0,0,0,0,10071,10071,16997,128,8
linux,0b02737e824af2e22223eb77935affee2b55e504,65536,8,8,sg,0,8192,411374181,19913.744,199589.355,0,0.000,34664395,15598,15333,8192,0,0,0,0,0,0,17075,17075,15561,76,8
linux,0b02737e824af2e22223eb77935affee2b55e504,65536,8,8,batch_sg,1,8192,417398479,19626.329,196726.562,0,0.000,71283700,15838,13959,13312,80,8192,8192,16384,1,2,17302,17302,15890,128,8
linux,0b02737e824af2e22223eb77935affee2b55e504,65536,8,8,batch_sg,2,8192,415812061,19701.208,195868.164,0,0.000,84478797,14808,13080,11008,44,4104,8192,16384,2,4,13520,13520,16852,128,8
linux,0b02737e824af2e22223eb77935affee2b55e504,65536,8,8,batch_sg,4,8192,409334774,20012.959,193653.809,0,0.000,74358617,10568,9089,8384,3,2056,8192,16384,4,8,11226,11226,16593,128,8
linux,0b02737e824af2e22223eb77935affee2b55e504,65536,8,8,batch_sg,8,8192,405876559,20183.477,195191.772,0,0.000,66097981,10444,9074,8192,0,1032,8192,16384,8,16,11012,11012,17394,128,8
linux,0b02737e824af2e22223eb77935affee2b55e504,65536,8,8,batch_sg,16,8192,406876165,20133.890,193656.494,0,0.000,65935791,9744,8390,8192,0,520,8192,16384,16,32,10303,10303,16724,128,8
linux,0b02737e824af2e22223eb77935affee2b55e504,65536,1,8,copy,0,1024,112701371,9085.959,110062.500,0,0.000,13238171,1137,1006,1024,0,0,0,0,0,0,1197,1197,2072,126,1
linux,0b02737e824af2e22223eb77935affee2b55e504,65536,1,8,sg,0,1024,109855950,9321.298,107316.406,0,0.000,7776306,1954,1927,1024,0,0,0,0,0,0,2127,2127,1932,66,1
linux,0b02737e824af2e22223eb77935affee2b55e504,65536,1,8,batch_sg,1,1024,111591740,9176.306,108991.211,0,0.000,13478529,2061,1824,1024,0,1024,1024,2048,1,2,2235,2235,2049,127,1
linux,0b02737e824af2e22223eb77935affee2b55e504,65536,1,8,batch_sg,2,1024,109162545,9380.507,106625.000,0,0.000,14165341,1536,1314,1472,7,513,1024,2048,2,4,1643,1643,2042,128,1
linux,0b02737e824af2e22223eb77935affee2b55e504,65536,1,8,batch_sg,4,1024,109430726,9357.518,106838.867,0,0.000,13338047,1320,1143,1024,0,257,1024,2048,4,8,1395,1395,2075,127,1
linux,0b02737e824af2e22223eb77935affee2b55e504,65536,1,8,batch_sg,8,1024,108178993,9465.793,105661.133,0,0.000,12537934,1199,1069,1024,0,129,1024,2048,8,16,1263,1263,2074,122,1
linux,0b02737e824af2e22223eb77935affee2b55e504,65536,1,8,batch_sg,16,1024,107806774,9498.475,105293.945,0,0.000,12653429,1197,1065,1024,0,65,1024,2048,16,32,1261,1261,2071,123,1
linux,0b02737e824af2e22223eb77935affee2b55e504,64,8,8,copy,0,524288,328941136,1593865.718,2494.188,0,0.000,3442816,81872,36832,524288,0,0,0,0,0,0,49232,49232,524288,128,8
linux,0b02737e824af2e22223eb77935affee2b55e504,64,8,8,sg,0,524288,1825818315,287152.339,13788.212,0,0.000,7591460,569292,557012,524288,0,0,0,0,0,0,537620,537620,524288,128,8
linux,0b02737e824af2e22223eb77935affee2b55e504,64,8,8,batch_sg,1,524288,1893003687,276960.897,14255.007,0,0.000,7749667,569293,37781,524288,0,524288,524288,1048576,1,2,537622,537622,524288,128,8
linux,0b02737e824af2e22223eb77935affee2b55e504,64,8,8,batch_sg,2,524288,1142641443,458838.600,8563.725,0,0.000,6948292,311240,37272,524288,0,266240,524288,1048576,2,4,279063,279063,524288,128,8
linux,0b02737e824af2e22223eb77935affee2b55e504,64,8,8,batch_sg,4,524288,748475276,700474.707,5553.839,0,0.000,6612957,180176,37024,524288,0,135176,524288,1048576,4,8,147744,147744,524288,128,8
linux,0b02737e824af2e22223eb77935affee2b55e504,64,8,8,batch_sg,8,524288,616967013,849782.872,4047.022,0,0.000,6784502,114620,36889,524288,0,69640,524288,1048576,8,16,82076,82072,524288,128,8
linux,0b02737e824af2e22223eb77935affee2b55e504,64,8,8,batch_sg,16,524288,543059230,965434.286,4033.472,0,0.000,6369979,114640,36896,524288,0,36872,524288,1048576,16,32,82072,82072,524288,128,8
linux,0b02737e824af2e22223eb77935affee2b55e504,64,1,8,copy,0,65536,102904458,636862.593,1570.953,0,0.000,173173,10234,4604,65536,0,0,0,0,0,0,6154,6154,65536,128,1
linux,0b02737e824af2e22223eb77935affee2b55e504,64,1,8,sg,0,65536,601025530,109040.293,9170.273,0,0.000,1251295,71162,69627,65536,0,0,0,0,0,0,67203,67203,65536,128,1
linux,0b02737e824af2e22223eb77935affee2b55e504,64,1,8,batch_sg,1,65536,605422656,108248.344,9237.839,0,0.000,1329681,71162,4723,65536,0,65536,65536,131072,1,2,67203,67203,65536,128,1
linux,0b02737e824af2e22223eb77935affee2b55e504,64,1,8,batch_sg,2,65536,358491150,182810.650,5469.086,0,0.000,706679,38905,4659,65536,0,33280,65536,131072,2,4,34883,34883,65536,128,1
linux,0b02737e824af2e22223eb77935affee2b55e504,64,1,8,batch_sg,4,65536,230360979,284492.627,3515.396,0,0.000,498471,22522,4628,65536,0,16897,65536,131072,4,8,18468,18468,65536,128,1
linux,0b02737e824af2e22223eb77935affee2b55e504,64,1,8,batch_sg,8,65536,167825207,390501.529,2561.630,0,0.000,308606,14330,4612,65536,0,8705,65536,131072,8,16,10259,10259,65536,128,1
linux,0b02737e824af2e22223eb77935affee2b55e504,64,1,8,batch_sg,16,65536,165914992,394997.457,2532.150,0,0.000,296794,14330,4612,65536,0,4609,65536,131072,16,32,10259,10259,65536,128,1
linux,0b02737e824af2e22223eb77935affee2b55e504,64,1,9,sg,0,65536,600865847,109069.271,9166.718,0,0.000,1200250,71162,69627,65536,0,0,0,0,0,0,67203,67203,65536,128,1
linux,0b02737e824af2e22223eb77935affee2b55e504,64,1,9,batch_sg,1,65536,606538337,108049.230,9254.730,0,0.000,1577344,71162,4723,65536,0,65536,65536,131072,1,2,67203,67203,65536,128,1
linux,0b02737e824af2e22223eb77935affee2b55e504,64,1,9,batch_sg,2,65536,368289040,177947.191,5619.965,0,0.000,1129448,38905,4659,65536,0,33280,65536,131072,2,4,34883,34883,65536,128,1
linux,0b02737e824af2e22223eb77935affee2b55e504,64,1,9,batch_sg,4,65536,231017541,283684.086,3525.024,0,0.000,439270,22522,4628,65536,0,16897,65536,131072,4,8,18468,18468,65536,128,1
linux,0b02737e824af2e22223eb77935affee2b55e504,64,1,9,batch_sg,8,65536,167999246,390096.989,2562.378,0,0.000,324004,14330,4612,65536,0,8705,65536,131072,8,16,10259,10259,65536,128,1
linux,0b02737e824af2e22223eb77935affee2b55e504,64,1,9,batch_sg,16,65536,170734131,383848.265,2606.018,0,0.000,452625,14330,4612,65536,0,4609,65536,131072,16,32,10259,10259,65536,128,1
linux,0b02737e824af2e22223eb77935affee2b55e504,64,1,9,copy,0,65536,103842156,631111.704,1584.274,0,0.000,194644,10234,4604,65536,0,0,0,0,0,0,6154,6154,65536,128,1
linux,0b02737e824af2e22223eb77935affee2b55e504,64,8,9,sg,0,524288,1850795335,283277.135,13806.009,0,0.000,7150787,569291,557011,524288,0,0,0,0,0,0,537618,537618,524288,128,8
linux,0b02737e824af2e22223eb77935affee2b55e504,64,8,9,batch_sg,1,524288,1953287518,268413.122,14313.829,0,0.000,9719041,569288,37821,785408,4080,524288,524288,1048576,1,2,537620,537619,524288,128,8
linux,0b02737e824af2e22223eb77935affee2b55e504,64,8,9,batch_sg,2,524288,1168728580,448596.885,8581.358,0,0.000,7018670,311240,37272,524288,0,266240,524288,1048576,2,4,279064,279064,524288,128,8
linux,0b02737e824af2e22223eb77935affee2b55e504,64,8,9,batch_sg,4,524288,763323486,686849.035,5528.105,0,0.000,6662536,180176,37024,524288,0,135176,524288,1048576,4,8,147744,147744,524288,128,8
linux,0b02737e824af2e22223eb77935affee2b55e504,64,8,9,batch_sg,8,524288,555970731,943013.671,4095.053,0,0.000,6432065,114640,36896,524288,0,69640,524288,1048576,8,16,82072,82072,524288,128,8
linux,0b02737e824af2e22223eb77935affee2b55e504,64,8,9,batch_sg,16,524288,560512396,935372.712,4055.918,0,0.000,6484114,114640,36896,524288,0,36872,524288,1048576,16,32,82072,82072,524288,128,8
linux,0b02737e824af2e22223eb77935affee2b55e504,64,8,9,copy,0,524288,345090326,1519277.593,2423.233,0,0.000,5869638,81871,36831,524288,0,0,0,0,0,0,49234,49233,524288,128,8
linux,0b02737e824af2e22223eb77935affee2b55e504,65536,1,9,sg,0,1024,109675434,9336.640,107120.117,0,0.000,7895908,1954,1933,1024,0,0,0,0,0,0,2128,2128,1926,65,1
linux,0b02737e824af2e22223eb77935affee2b55e504,65536,1,9,batch_sg,1,1024,110625286,9256.473,108049.805,0,0.000,12570217,1959,1774,1024,0,1024,1024,2048,1,2,2132,2132,1951,127,1
linux,0b02737e824af2e22223eb77935affee2b55e504,65536,1,9,batch_sg,2,1024,108725893,9418.180,106191.406,0,0.000,14138071,1536,1314,1472,7,513,1024,2048,2,4,1643,1643,2042,128,1
linux,0b02737e824af2e22223eb77935affee2b55e504,65536,1,9,batch_sg,4,1024,108770807,9414.291,106243.164,0,0.000,13269341,1320,1143,1024,0,257,1024,2048,4,8,1395,1395,2075,127,1
linux,0b02737e824af2e22223eb77935affee2b55e504,65536,1,9,batch_sg,8,1024,108261306,9458.596,105742.188,0,0.000,12583631,1261,1124,1024,0,129,1024,2048,8,16,1325,1325,2135,122,1
linux,0b02737e824af2e22223eb77935affee2b55e504,65536,1,9,batch_sg,16,1024,108116627,9471.254,105590.820,0,0.000,12736638,1197,1065,1024,0,65,1024,2048,16,32,1261,1261,2071,123,1
linux,0b02737e824af2e22223eb77935affee2b55e504,65536,1,9,copy,0,1024,110307874,9283.109,107738.281,0,0.000,14378570,1295,1106,1024,0,0,0,0,0,0,1355,1355,2226,127,1
linux,0b02737e824af2e22223eb77935affee2b55e504,65536,8,9,sg,0,8192,412832223,19843.412,199056.030,0,0.000,32505832,16131,15943,8192,0,0,0,0,0,0,17607,17607,16188,76,8
linux,0b02737e824af2e22223eb77935affee2b55e504,65536,8,9,batch_sg,1,8192,423133193,19360.334,197226.562,0,0.000,67767054,16006,14283,13568,84,8192,8192,16384,1,2,17480,17480,16031,128,8
linux,0b02737e824af2e22223eb77935affee2b55e504,65536,8,9,batch_sg,2,8192,465603308,17594.377,195811.646,0,0.000,106906129,12455,10678,9792,25,4104,8192,16384,2,4,13359,13359,16624,128,8
linux,0b02737e824af2e22223eb77935affee2b55e504,65536,8,9,batch_sg,4,8192,407995671,20078.644,192446.777,0,0.000,67488801,10530,9103,8320,2,2056,8192,16384,4,8,11174,11174,16543,128,8
linux,0b02737e824af2e22223eb77935affee2b55e504,65536,8,9,batch_sg,8,8192,404730758,20240.616,196064.697,0,0.000,65451551,10102,8759,8192,0,1032,8192,16384,8,16,10667,10667,17061,128,8
linux,0b02737e824af2e22223eb77935affee2b55e504,65536,8,9,batch_sg,16,8192,407066354,20124.483,190228.516,0,0.000,65116466,9799,8467,8192,0,520,8192,16384,16,32,10364,10364,16791,128,8
linux,0b02737e824af2e22223eb77935affee2b55e504,65536,8,9,copy,0,8192,413922987,19791.121,200757.324,0,0.000,54465119,9284,8057,8192,0,0,0,0,0,0,9835,9835,16732,128,8
linux,0b02737e824af2e22223eb77935affee2b55e504,65536,8,10,batch_sg,1,8192,417501639,19621.480,197438.599,0,0.000,69777117,15464,13519,10816,41,8192,8192,16384,1,2,16928,16928,15594,128,8
linux,0b02737e824af2e22223eb77935affee2b55e504,65536,8,10,batch_sg,2,8192,402296020,20363.115,195877.808,0,0.000,73571358,12622,11052,11008,44,4104,8192,16384,2,4,13484,13484,16831,128,8
linux,0b02737e824af2e22223eb77935affee2b55e504,65536,8,10,batch_sg,4,8192,407171483,20119.287,197314.331,0,0.000,65603765,10627,9253,8256,1,2056,8192,16384,4,8,11268,11268,16649,128,8
linux,0b02737e824af2e22223eb77935affee2b55e504,65536,8,10,batch_sg,8,8192,403190546,20317.937,195885.986,0,0.000,70387553,9606,8293,8192,0,1032,8192,16384,8,16,10163,10163,16585,128,8
linux,0b02737e824af2e22223eb77935affee2b55e504,65536,8,10,batch_sg,16,8192,400452422,20456.862,193718.262,0,0.000,74835317,9795,8473,8192,0,520,8192,16384,16,32,10370,10370,16772,128,8
linux,0b02737e824af2e22223eb77935affee2b55e504,65536,8,10,copy,0,8192,415171754,19731.593,201942.749,0,0.000,53806830,10113,8846,8192,0,0,0,0,0,0,10673,10673,17550,128,8
linux,0b02737e824af2e22223eb77935affee2b55e504,65536,8,10,sg,0,8192,417235739,19633.984,192746.704,0,0.000,37356489,16493,16240,8192,0,0,0,0,0,0,17952,17952,16652,72,8
linux,0b02737e824af2e22223eb77935affee2b55e504,65536,1,10,batch_sg,1,1024,111721461,9165.652,109122.070,0,0.000,13159580,1983,1759,1024,0,1024,1024,2048,1,2,2157,2157,1962,127,1
linux,0b02737e824af2e22223eb77935affee2b55e504,65536,1,10,batch_sg,2,1024,109580165,9344.757,107024.414,0,0.000,14361843,1536,1314,1472,7,513,1024,2048,2,4,1643,1643,2042,128,1
linux,0b02737e824af2e22223eb77935affee2b55e504,65536,1,10,batch_sg,4,1024,109153765,9381.261,106628.906,0,0.000,13287582,1320,1143,1024,0,257,1024,2048,4,8,1395,1395,2075,127,1
linux,0b02737e824af2e22223eb77935affee2b55e504,65536,1,10,batch_sg,8,1024,108375183,9448.658,105885.742,0,0.000,12550957,1199,1069,1024,0,129,1024,2048,8,16,1263,1263,2074,122,1
linux,0b02737e824af2e22223eb77935affee2b55e504,65536,1,10,batch_sg,16,1024,108472775,9440.157,105954.102,0,0.000,12776077,1197,1065,1024,0,65,1024,2048,16,32,1261,1261,2071,123,1
linux,0b02737e824af2e22223eb77935affee2b55e504,65536,1,10,copy,0,1024,111037217,9222.133,108465.820,0,0.000,13187725,1137,1006,1024,0,0,0,0,0,0,1197,1197,2072,126,1
linux,0b02737e824af2e22223eb77935affee2b55e504,65536,1,10,sg,0,1024,110276759,9285.728,107708.984,0,0.000,7921533,2061,2039,1024,0,0,0,0,0,0,2235,2235,2049,65,1
linux,0b02737e824af2e22223eb77935affee2b55e504,64,8,10,batch_sg,1,524288,1903074922,275495.197,14274.467,0,0.000,8394445,569292,37780,524288,0,524288,524288,1048576,1,2,537617,537617,524288,128,8
linux,0b02737e824af2e22223eb77935affee2b55e504,64,8,10,batch_sg,2,524288,1153764795,454414.975,8628.712,0,0.000,7053415,311240,37272,524288,0,266240,524288,1048576,2,4,279085,279085,524288,128,8
linux,0b02737e824af2e22223eb77935affee2b55e504,64,8,10,batch_sg,4,524288,751487991,697666.505,5657.793,0,0.000,5640226,180176,37024,524288,0,135176,524288,1048576,4,8,147744,147744,524288,128,8
linux,0b02737e824af2e22223eb77935affee2b55e504,64,8,10,batch_sg,8,524288,549777440,953636.803,4163.151,0,0.000,6397639,114640,36896,524288,0,69640,524288,1048576,8,16,82072,82072,524288,128,8
linux,0b02737e824af2e22223eb77935affee2b55e504,64,8,10,batch_sg,16,524288,550259970,952800.546,4087.498,0,0.000,4495339,114640,36896,524288,0,36872,524288,1048576,16,32,82072,82072,524288,128,8
linux,0b02737e824af2e22223eb77935affee2b55e504,64,8,10,copy,0,524288,333245557,1573278.290,2498.907,0,0.000,6202614,81872,36832,524288,0,0,0,0,0,0,49232,49232,524288,128,8
linux,0b02737e824af2e22223eb77935affee2b55e504,64,8,10,sg,0,524288,1828458070,286737.776,13716.980,0,0.000,7662119,569292,557012,524288,0,0,0,0,0,0,537620,537620,524288,128,8
linux,0b02737e824af2e22223eb77935affee2b55e504,64,1,10,batch_sg,1,65536,606844335,107994.746,9260.391,0,0.000,1185402,71162,4723,65536,0,65536,65536,131072,1,2,67203,67203,65536,128,1
linux,0b02737e824af2e22223eb77935affee2b55e504,64,1,10,batch_sg,2,65536,359233782,182432.731,5481.430,0,0.000,749337,38905,4659,65536,0,33280,65536,131072,2,4,34883,34883,65536,128,1
linux,0b02737e824af2e22223eb77935affee2b55e504,64,1,10,batch_sg,4,65536,230475164,284351.680,3517.090,0,0.000,441784,22522,4628,65536,0,16897,65536,131072,4,8,18468,18468,65536,128,1
linux,0b02737e824af2e22223eb77935affee2b55e504,64,1,10,batch_sg,8,65536,168794692,388258.654,2576.080,0,0.000,423049,14330,4612,65536,0,8705,65536,131072,8,16,10259,10259,65536,128,1
linux,0b02737e824af2e22223eb77935affee2b55e504,64,1,10,batch_sg,16,65536,166023154,394740.122,2533.783,0,0.000,322802,14330,4612,65536,0,4609,65536,131072,16,32,10259,10259,65536,128,1
linux,0b02737e824af2e22223eb77935affee2b55e504,64,1,10,copy,0,65536,102505710,639339.994,1564.117,0,0.000,185686,10234,4604,65536,0,0,0,0,0,0,6154,6154,65536,128,1
linux,0b02737e824af2e22223eb77935affee2b55e504,64,1,10,sg,0,65536,600261138,109179.149,9158.890,0,0.000,1196421,71162,69627,65536,0,0,0,0,0,0,67203,67203,65536,128,1
windows,0b02737e824af2e22223eb77935affee2b55e504,64,1,1,copy,0,65536,100101900,654692.868,1668.930,1,3967.603,87500,5633,1537,65536,0,0,0,0,0,0,10242,10242,65536,48,1
windows,0b02737e824af2e22223eb77935affee2b55e504,64,1,1,sg,0,65536,541500300,121026.710,8344.650,1,21440.584,179200,66560,66559,65536,0,0,0,0,0,0,132096,132096,65536,2,1
windows,0b02737e824af2e22223eb77935affee2b55e504,64,1,1,batch_sg,1,65536,492212100,133145.853,7390.976,1,19474.134,894000,66560,62464,65536,0,65536,65536,131072,1,2,132096,132096,65536,122,1
windows,0b02737e824af2e22223eb77935affee2b55e504,64,1,1,batch_sg,2,65536,280079300,233990.873,4291.534,1,11089.369,460000,34304,30208,65536,0,33280,65536,131072,2,4,67584,67584,65536,117,1
windows,0b02737e824af2e22223eb77935affee2b55e504,64,1,1,batch_sg,4,65536,169202600,387322.653,2622.604,1,6686.603,249400,17921,13825,65536,0,16897,65536,131072,4,8,34818,34818,65536,107,1
windows,0b02737e824af2e22223eb77935affee2b55e504,64,1,1,batch_sg,8,65536,111341600,588603.002,1668.930,1,4411.583,118700,9729,5633,65536,0,8705,65536,131072,8,16,18434,18434,65536,87,1
windows,0b02737e824af2e22223eb77935affee2b55e504,64,1,1,batch_sg,16,65536,111227400,589207.336,1668.930,1,4405.302,129600,9729,5633,65536,0,4609,65536,131072,16,32,18434,18434,65536,88,1
windows,0b02737e824af2e22223eb77935affee2b55e504,64,8,1,copy,0,524288,233002500,2250138.947,1609.325,1,4198.701,83600,45054,12281,524288,0,0,0,0,0,0,81940,81940,524288,48,8
windows,0b02737e824af2e22223eb77935affee2b55e504,64,8,1,sg,0,524288,1530433400,342574.855,11563.301,1,30060.994,209300,532446,532438,524288,0,0,0,0,0,0,1056790,1056790,524288,2,8
windows,0b02737e824af2e22223eb77935affee2b55e504,64,8,1,batch_sg,1,524288,1710486300,306514.001,12874.603,1,33263.556,1908300,532440,486502,1476928,14885,524288,524288,1048576,1,2,1056802,1056802,524288,127,8
windows,0b02737e824af2e22223eb77935affee2b55e504,64,8,1,batch_sg,2,524288,927456800,565296.411,7033.348,1,18292.043,888800,274392,240585,625856,1587,266224,524288,1048576,2,4,540656,540656,524288,122,8
windows,0b02737e824af2e22223eb77935affee2b55e504,64,8,1,batch_sg,4,524288,551281500,951034.998,4261.732,1,10777.652,469200,143348,110497,524288,0,135170,524288,1048576,4,8,278540,278540,524288,120,8
windows,0b02737e824af2e22223eb77935affee2b55e504,64,8,1,batch_sg,8,524288,369960400,1417146.268,2831.221,1,7163.324,239500,77817,45012,524288,0,69636,524288,1048576,8,16,147464,147464,524288,87,8
windows,0b02737e824af2e22223eb77935affee2b55e504,64,8,1,batch_sg,16,524288,364273400,1439270.614,2652.407,1,7040.622,236700,77817,45007,524288,0,36870,524288,1048576,16,32,147466,147466,524288,104,8
windows,0b02737e824af2e22223eb77935affee2b55e504,65536,1,1,copy,0,1024,139578300,7336.384,137329.102,1,353994.443,18381300,1005,845,1024,0,0,0,0,0,0,1134,1134,2026,126,1
windows,0b02737e824af2e22223eb77935affee2b55e504,65536,1,1,sg,0,1024,93350200,10969.446,91552.734,1,236479.344,1642800,1024,1023,1024,0,0,0,0,0,0,2110,2110,1024,2,1
windows,0b02737e824af2e22223eb77935affee2b55e504,65536,1,1,batch_sg,1,1024,95382500,10735.722,76293.945,1,241509.252,11421600,1024,866,1024,0,1024,1024,2048,1,2,2110,2110,1024,126,1
windows,0b02737e824af2e22223eb77935affee2b55e504,65536,1,1,batch_sg,2,1024,100208600,10218.684,91552.734,1,254157.033,15119100,1005,744,5888,76,513,1024,2048,2,4,1580,1580,2026,126,1
windows,0b02737e824af2e22223eb77935affee2b55e504,65536,1,1,batch_sg,4,1024,105250000,9729.216,106811.523,1,266574.420,14317300,1005,820,1024,0,257,1024,2048,4,8,1324,1324,2026,126,1
windows,0b02737e824af2e22223eb77935affee2b55e504,65536,1,1,batch_sg,8,1024,103561800,9887.816,106811.523,1,262340.863,13883000,1005,820,1024,0,129,1024,2048,8,16,1196,1196,2026,126,1
windows,0b02737e824af2e22223eb77935affee2b55e504,65536,1,1,batch_sg,16,1024,104728900,9777.626,106811.523,1,265234.176,14194600,1005,820,1024,0,65,1024,2048,16,32,1196,1196,2026,126,1
windows,0b02737e824af2e22223eb77935affee2b55e504,65536,8,1,copy,0,8192,452170600,18117.056,204086.304,1,540857.973,94514700,8040,6746,8192,0,0,0,0,0,0,9289,9289,16208,127,8
windows,0b02737e824af2e22223eb77935affee2b55e504,65536,8,1,sg,0,8192,346594100,23635.717,171661.377,1,435591.371,3103700,8192,8184,8192,0,0,0,0,0,0,16888,16888,8192,2,8
windows,0b02737e824af2e22223eb77935affee2b55e504,65536,8,1,batch_sg,1,8192,364480900,22475.801,183105.469,1,459922.798,25276000,8192,5269,107584,1553,8192,8192,16384,1,2,16894,16894,8192,127,8
windows,0b02737e824af2e22223eb77935affee2b55e504,65536,8,1,batch_sg,2,8192,418722100,19564.289,183105.469,1,502966.950,206824500,8040,5624,84672,1195,4104,8192,16384,2,4,12667,12668,16208,127,8
windows,0b02737e824af2e22223eb77935affee2b55e504,65536,8,1,batch_sg,4,8192,455675700,17977.698,221252.441,1,571609.022,231587300,8040,6661,8192,0,2056,8192,16384,4,8,10632,10632,16208,127,8
windows,0b02737e824af2e22223eb77935affee2b55e504,65536,8,1,batch_sg,8,8192,446356000,18353.063,179290.771,1,467881.150,205457700,8040,6657,8192,0,1046,8192,16384,8,16,9610,9610,16208,127,8
windows,0b02737e824af2e22223eb77935affee2b55e504,65536,8,1,batch_sg,16,8192,379685400,21575.757,179290.771,1,466515.048,199814500,8040,6653,8192,0,550,8192,16384,16,32,9622,9622,16208,127,8
windows,0b02737e824af2e22223eb77935affee2b55e504,65536,8,2,sg,0,8192,345471800,23712.500,162124.634,1,418953.073,3054000,8192,8184,8192,0,0,0,0,0,0,16898,16898,8192,2,8
windows,0b02737e824af2e22223eb77935affee2b55e504,65536,8,2,batch_sg,1,8192,341951800,23956.593,167846.680,1,426671.054,189969000,8192,4884,132416,1941,8192,8192,16384,1,2,16904,16904,8192,127,8
windows,0b02737e824af2e22223eb77935affee2b55e504,65536,8,2,batch_sg,2,8192,354532000,23106.518,167846.680,1,443224.828,24801200,8040,5364,92160,1312,4104,8192,16384,2,4,12654,12656,16208,126,8
windows,0b02737e824af2e22223eb77935affee2b55e504,65536,8,2,batch_sg,4,8192,381201900,21489.924,181198.120,1,465879.166,181703600,8040,6685,8192,0,2056,8192,16384,4,8,10616,10616,16208,127,8
windows,0b02737e824af2e22223eb77935affee2b55e504,65536,8,2,batch_sg,8,8192,370510500,22110.035,185012.817,1,467753.594,193583300,8040,6627,8192,0,1033,8192,16384,8,16,9593,9593,16208,127,8
windows,0b02737e824af2e22223eb77935affee2b55e504,65536,8,2,batch_sg,16,8192,375941800,21790.607,181198.120,1,470141.493,187625400,8040,6603,8192,0,521,8192,16384,16,32,9587,9587,16208,127,8
windows,0b02737e824af2e22223eb77935affee2b55e504,65536,8,2,copy,0,8192,447307200,18314.036,202178.955,1,521270.207,217469600,8040,6677,8192,0,0,0,0,0,0,9181,9181,16208,127,8
windows,0b02737e824af2e22223eb77935affee2b55e504,65536,1,2,sg,0,1024,98826100,10361.635,91552.734,1,250474.936,1946700,1024,1023,1024,0,0,0,0,0,0,2110,2110,1024,2,1
windows,0b02737e824af2e22223eb77935affee2b55e504,65536,1,2,batch_sg,1,1024,99613400,10279.741,91552.734,1,252171.664,11893500,1024,866,1024,0,1024,1024,2048,1,2,2110,2110,1024,126,1
windows,0b02737e824af2e22223eb77935affee2b55e504,65536,1,2,batch_sg,2,1024,110965600,9228.085,106811.523,1,279049.875,17038500,1005,744,5888,76,513,1024,2048,2,4,1580,1580,2026,126,1
windows,0b02737e824af2e22223eb77935affee2b55e504,65536,1,2,batch_sg,4,1024,137529100,7445.697,122070.312,1,348756.738,18617900,1005,820,1024,0,257,1024,2048,4,8,1324,1324,2026,126,1
windows,0b02737e824af2e22223eb77935affee2b55e504,65536,1,2,batch_sg,8,1024,122534200,8356.851,122070.312,1,310691.342,16365700,1005,820,1024,0,129,1024,2048,8,16,1196,1196,2026,126,1
windows,0b02737e824af2e22223eb77935affee2b55e504,65536,1,2,batch_sg,16,1024,124213200,8243.890,122070.312,1,314660.912,17959000,1005,820,1024,0,65,1024,2048,16,32,1196,1196,2026,126,1
windows,0b02737e824af2e22223eb77935affee2b55e504,65536,1,2,copy,0,1024,257400000,3978.244,259399.414,1,651960.410,135225400,148288,12289,1024,0,0,0,0,0,0,1158,1158,2027,128,1
windows,0b02737e824af2e22223eb77935affee2b55e504,64,8,2,sg,0,524288,1645929600,318536.103,11712.313,1,30186.975,225600,532436,532428,524288,0,0,0,0,0,0,1056796,1056796,524288,2,8
windows,0b02737e824af2e22223eb77935affee2b55e504,64,8,2,batch_sg,1,524288,1569003300,334153.536,11920.929,1,30851.537,1538900,532450,490111,1184576,10317,524288,524288,1048576,1,2,1056794,1056794,524288,127,8
windows,0b02737e824af2e22223eb77935affee2b55e504,64,8,2,batch_sg,2,524288,980295600,534826.434,7152.557,1,18623.592,921200,274386,240990,572160,748,266221,524288,1048576,2,4,540654,540654,524288,124,8
windows,0b02737e824af2e22223eb77935affee2b55e504,64,8,2,batch_sg,4,524288,564531400,928713.620,4291.534,1,11147.005,474800,143345,110454,524288,0,135169,524288,1048576,4,8,278536,278536,524288,120,8
windows,0b02737e824af2e22223eb77935affee2b55e504,64,8,2,batch_sg,8,524288,376643000,1392002.506,2741.814,1,7036.790,240000,77814,45004,524288,0,69634,524288,1048576,8,16,147466,147466,524288,103,8
windows,0b02737e824af2e22223eb77935affee2b55e504,64,8,2,batch_sg,16,524288,403649600,1298869.118,2622.604,1,6770.115,233100,77818,45008,524288,0,36868,524288,1048576,16,32,147464,147464,524288,104,8
windows,0b02737e824af2e22223eb77935affee2b55e504,64,8,2,copy,0,524288,217709600,2408198.812,1668.930,1,4302.116,81300,45052,12280,524288,0,0,0,0,0,0,81928,81928,524288,48,8
windows,0b02737e824af2e22223eb77935affee2b55e504,64,1,2,sg,0,65536,473372200,138444.970,7152.557,1,18745.301,130200,66560,66559,65536,0,0,0,0,0,0,132096,132096,65536,2,1
windows,0b02737e824af2e22223eb77935affee2b55e504,64,1,2,batch_sg,1,65536,489856200,133786.201,7390.976,1,19400.871,873100,66560,62464,65536,0,65536,65536,131072,1,2,132096,132096,65536,122,1
windows,0b02737e824af2e22223eb77935affee2b55e504,64,1,2,batch_sg,2,65536,277761400,235943.511,4291.534,1,10997.553,459900,34304,30208,65536,0,33280,65536,131072,2,4,67584,67584,65536,117,1
windows,0b02737e824af2e22223eb77935affee2b55e504,64,1,2,batch_sg,4,65536,169456800,386741.636,2622.604,1,6714.013,225300,17921,13825,65536,0,16897,65536,131072,4,8,34818,34818,65536,107,1
windows,0b02737e824af2e22223eb77935affee2b55e504,64,1,2,batch_sg,8,65536,113925800,575251.611,1668.930,1,4513.101,132600,9729,5633,65536,0,8705,65536,131072,8,16,18434,18434,65536,87,1
windows,0b02737e824af2e22223eb77935affee2b55e504,64,1,2,batch_sg,16,65536,111591600,587284.348,1668.930,1,4422.478,129900,9729,5633,65536,0,4609,65536,131072,16,32,18434,18434,65536,88,1
windows,0b02737e824af2e22223eb77935affee2b55e504,64,1,2,copy,0,65536,73450300,892249.589,1192.093,1,2910.485,53000,5633,1537,65536,0,0,0,0,0,0,10242,10242,65536,48,1
windows,0b02737e824af2e22223eb77935affee2b55e504,64,1,3,batch_sg,1,65536,514649900,127340.936,7629.395,1,20361.221,957200,66560,62464,65536,0,65536,65536,131072,1,2,132096,132096,65536,122,1
windows,0b02737e824af2e22223eb77935affee2b55e504,64,1,3,batch_sg,2,65536,288238600,227367.188,4291.534,1,11410.300,488900,34304,30208,65536,0,33280,65536,131072,2,4,67584,67584,65536,117,1
windows,0b02737e824af2e22223eb77935affee2b55e504,64,1,3,batch_sg,4,65536,170423100,384548.808,2622.604,1,6745.462,250000,17921,13825,65536,0,16897,65536,131072,4,8,34818,34818,65536,107,1
windows,0b02737e824af2e22223eb77935affee2b55e504,64,1,3,batch_sg,8,65536,112931000,580318.956,1907.349,1,4474.862,131000,9729,5633,65536,0,8705,65536,131072,8,16,18434,18434,65536,87,1
windows,0b02737e824af2e22223eb77935affee2b55e504,64,1,3,batch_sg,16,65536,111617000,587150.703,1668.930,1,4417.107,130300,9729,5633,65536,0,4609,65536,131072,16,32,18434,18434,65536,88,1
windows,0b02737e824af2e22223eb77935affee2b55e504,64,1,3,copy,0,65536,70053400,935514.907,953.674,1,2773.414,51000,5633,1537,65536,0,0,0,0,0,0,10242,10242,65536,48,1
windows,0b02737e824af2e22223eb77935affee2b55e504,64,1,3,sg,0,65536,471329100,139045.096,7390.976,1,18643.409,125800,66560,66559,65536,0,0,0,0,0,0,132096,132096,65536,2,1
windows,0b02737e824af2e22223eb77935affee2b55e504,64,8,3,batch_sg,1,524288,1589353400,329875.030,11891.127,1,30800.864,1545400,532454,491677,1115136,9232,524288,524288,1048576,1,2,1056804,1056804,524288,127,8
windows,0b02737e824af2e22223eb77935affee2b55e504,64,8,3,batch_sg,2,524288,983811700,532914.988,7420.778,1,19159.458,1010600,274391,239916,630720,1663,266223,524288,1048576,2,4,540654,540654,524288,124,8
windows,0b02737e824af2e22223eb77935affee2b55e504,64,8,3,batch_sg,4,524288,614748400,852849.719,4142.523,1,10758.802,463500,143344,110457,524288,0,135168,524288,1048576,4,8,278534,278534,524288,120,8
windows,0b02737e824af2e22223eb77935affee2b55e504,64,8,3,batch_sg,8,524288,366740300,1429589.276,2712.011,1,7098.948,240700,77814,45003,524288,0,69634,524288,1048576,8,16,147464,147464,524288,103,8
windows,0b02737e824af2e22223eb77935affee2b55e504,64,8,3,batch_sg,16,524288,367671100,1425970.113,2741.814,1,7004.472,237000,77819,45013,524288,0,36870,524288,1048576,16,32,147470,147470,524288,104,8
windows,0b02737e824af2e22223eb77935affee2b55e504,64,8,3,copy,0,524288,217382900,2411818.041,1668.930,1,4292.683,81200,45052,12280,524288,0,0,0,0,0,0,81928,81928,524288,48,8
windows,0b02737e824af2e22223eb77935affee2b55e504,64,8,3,sg,0,524288,1522891400,344271.430,11593.103,1,29978.728,209300,532444,532436,524288,0,0,0,0,0,0,1056786,1056786,524288,2,8
windows,0b02737e824af2e22223eb77935affee2b55e504,65536,1,3,batch_sg,1,1024,96428000,10619.322,91552.734,1,244304.379,11759500,1024,866,1024,0,1024,1024,2048,1,2,2110,2110,1024,126,1
windows,0b02737e824af2e22223eb77935affee2b55e504,65536,1,3,batch_sg,2,1024,98187600,10429.015,106811.523,1,248759.240,14262900,1005,744,5888,76,513,1024,2048,2,4,1580,1580,2026,126,1
windows,0b02737e824af2e22223eb77935affee2b55e504,65536,1,3,batch_sg,4,1024,103610400,9883.178,91552.734,1,262949.350,13663100,1005,820,1024,0,257,1024,2048,4,8,1324,1324,2026,126,1
windows,0b02737e824af2e22223eb77935affee2b55e504,65536,1,3,batch_sg,8,1024,105742200,9683.929,91552.734,1,268326.982,14344900,1005,820,1024,0,129,1024,2048,8,16,1196,1196,2026,126,1
windows,0b02737e824af2e22223eb77935affee2b55e504,65536,1,3,batch_sg,16,1024,105720500,9685.917,106811.523,1,267707.451,14388700,1005,820,1024,0,65,1024,2048,16,32,1196,1196,2026,126,1
windows,0b02737e824af2e22223eb77935affee2b55e504,65536,1,3,copy,0,1024,120910600,8469.067,122070.312,1,305803.088,17088000,1005,820,1024,0,0,0,0,0,0,1132,1132,2026,126,1
windows,0b02737e824af2e22223eb77935affee2b55e504,65536,1,3,sg,0,1024,94789200,10802.918,91552.734,1,240341.474,1686900,1024,1023,1024,0,0,0,0,0,0,2110,2110,1024,2,1
windows,0b02737e824af2e22223eb77935affee2b55e504,65536,8,3,batch_sg,1,8192,344724100,23763.932,165939.331,1,425833.196,191146000,8192,5033,125376,1831,8192,8192,16384,1,2,16896,16896,8192,126,8
windows,0b02737e824af2e22223eb77935affee2b55e504,65536,8,3,batch_sg,2,8192,361183600,22680.986,173568.726,1,435784.927,191036700,8040,5717,76032,1060,4104,8192,16384,2,4,12670,12670,16208,127,8
windows,0b02737e824af2e22223eb77935affee2b55e504,65536,8,3,batch_sg,4,8192,390773600,20963.545,190734.863,1,486954.022,214009800,8040,6749,8192,0,2056,8192,16384,4,8,10623,10624,16208,127,8
windows,0b02737e824af2e22223eb77935affee2b55e504,65536,8,3,batch_sg,8,8192,379854700,21566.141,186920.166,1,478224.675,207949700,8040,6603,8192,0,1034,8192,16384,8,16,9592,9592,16208,127,8
windows,0b02737e824af2e22223eb77935affee2b55e504,65536,8,3,batch_sg,16,8192,386225100,21210.429,183105.469,1,471535.698,208211600,8040,6678,8192,0,520,8192,16384,16,32,9592,9592,16208,127,8
windows,0b02737e824af2e22223eb77935affee2b55e504,65536,8,3,copy,0,8192,400064600,20476.693,190734.863,1,499370.946,216076700,8040,6684,8192,0,0,0,0,0,0,9109,9110,16208,127,8
windows,0b02737e824af2e22223eb77935affee2b55e504,65536,8,3,sg,0,8192,346278000,23657.293,167846.680,1,434632.009,3168700,8192,8184,8192,0,0,0,0,0,0,16894,16894,8192,2,8
windows,0b02737e824af2e22223eb77935affee2b55e504,65536,8,4,batch_sg,2,8192,362608100,22591.884,169754.028,1,442472.224,190950100,8040,5479,87936,1246,4104,8192,16384,2,4,12657,12658,16208,126,8
windows,0b02737e824af2e22223eb77935affee2b55e504,65536,8,4,batch_sg,4,8192,392045000,20895.560,188827.515,1,490962.215,210726700,8040,6639,8192,0,2056,8192,16384,4,8,10618,10618,16208,127,8
windows,0b02737e824af2e22223eb77935affee2b55e504,65536,8,4,batch_sg,8,8192,384500700,21305.553,183105.469,1,478568.165,208427700,8040,6628,8192,0,1035,8192,16384,8,16,9597,9597,16208,127,8
windows,0b02737e824af2e22223eb77935affee2b55e504,65536,8,4,batch_sg,16,8192,380640600,21521.614,185012.817,1,470597.391,50340900,8040,6672,8192,0,521,8192,16384,16,32,9593,9593,16208,127,8
windows,0b02737e824af2e22223eb77935affee2b55e504,65536,8,4,copy,0,8192,384983600,21278.829,175476.074,1,474585.801,200372600,8040,6673,8192,0,0,0,0,0,0,9133,9133,16208,127,8
windows,0b02737e824af2e22223eb77935affee2b55e504,65536,8,4,sg,0,8192,337550600,24268.954,160217.285,1,423103.307,3025900,8192,8184,8192,0,0,0,0,0,0,16890,16890,8192,2,8
windows,0b02737e824af2e22223eb77935affee2b55e504,65536,8,4,batch_sg,1,8192,341421100,23993.830,164031.982,1,417277.720,189112700,8192,5265,114688,1664,8192,8192,16384,1,2,16902,16902,8192,126,8
windows,0b02737e824af2e22223eb77935affee2b55e504,65536,1,4,batch_sg,2,1024,97945800,10454.762,91552.734,1,248496.650,13880700,1005,744,5888,76,513,1024,2048,2,4,1580,1580,2026,126,1
windows,0b02737e824af2e22223eb77935affee2b55e504,65536,1,4,batch_sg,4,1024,104753900,9775.292,106811.523,1,265578.676,14511100,1005,820,1024,0,257,1024,2048,4,8,1324,1324,2026,126,1
windows,0b02737e824af2e22223eb77935affee2b55e504,65536,1,4,batch_sg,8,1024,104548600,9794.488,106811.523,1,264950.512,14478600,1005,820,1024,0,129,1024,2048,8,16,1196,1196,2026,126,1
windows,0b02737e824af2e22223eb77935affee2b55e504,65536,1,4,batch_sg,16,1024,103588000,9885.315,106811.523,1,261967.621,14382500,1005,820,1024,0,65,1024,2048,16,32,1196,1196,2026,126,1
windows,0b02737e824af2e22223eb77935affee2b55e504,65536,1,4,copy,0,1024,107117500,9559.596,106811.523,1,271657.090,15004900,1005,820,1024,0,0,0,0,0,0,1132,1132,2026,126,1
windows,0b02737e824af2e22223eb77935affee2b55e504,65536,1,4,sg,0,1024,93572200,10943.421,91552.734,1,237361.033,1642200,1024,1023,1024,0,0,0,0,0,0,2110,2110,1024,2,1
windows,0b02737e824af2e22223eb77935affee2b55e504,65536,1,4,batch_sg,1,1024,96838000,10574.361,91552.734,1,245546.234,11421700,1024,866,1024,0,1024,1024,2048,1,2,2110,2110,1024,126,1
windows,0b02737e824af2e22223eb77935affee2b55e504,64,8,4,batch_sg,2,524288,924139800,567325.420,6973.743,1,17993.211,884400,274391,240728,613312,1391,266223,524288,1048576,2,4,540658,540658,524288,126,8
windows,0b02737e824af2e22223eb77935affee2b55e504,64,8,4,batch_sg,4,524288,580442900,903255.083,4082.918,1,10457.402,471000,143338,110462,524288,0,135166,524288,1048576,4,8,278530,278530,524288,119,8
windows,0b02737e824af2e22223eb77935affee2b55e504,64,8,4,batch_sg,8,524288,367524100,1426540.464,2622.604,1,7138.945,241100,77814,45004,524288,0,69634,524288,1048576,8,16,147462,147462,524288,96,8
windows,0b02737e824af2e22223eb77935affee2b55e504,64,8,4,batch_sg,16,524288,360349900,1454941.433,2741.814,1,7098.365,234000,77816,45004,524288,0,36868,524288,1048576,16,32,147464,147464,524288,96,8
windows,0b02737e824af2e22223eb77935affee2b55e504,64,8,4,copy,0,524288,217965200,2405374.803,1668.930,1,4243.346,80400,45054,12283,524288,0,0,0,0,0,0,81932,81932,524288,48,8
windows,0b02737e824af2e22223eb77935affee2b55e504,64,8,4,sg,0,524288,1587928700,330170.996,12129.545,1,31218.778,227000,532442,532434,524288,0,0,0,0,0,0,1056798,1056798,524288,2,8
windows,0b02737e824af2e22223eb77935affee2b55e504,64,8,4,batch_sg,1,524288,1627815200,322080.787,12397.766,1,32049.904,1857100,532438,491300,1118400,9283,524288,524288,1048576,1,2,1056800,1056800,524288,127,8
windows,0b02737e824af2e22223eb77935affee2b55e504,64,1,4,batch_sg,2,65536,281380200,232909.068,4291.534,1,11141.303,468200,34304,30208,65536,0,33280,65536,131072,2,4,67584,67584,65536,117,1
windows,0b02737e824af2e22223eb77935affee2b55e504,64,1,4,batch_sg,4,65536,171454400,382235.743,2622.604,1,6790.809,240100,17921,13825,65536,0,16897,65536,131072,4,8,34818,34818,65536,107,1
windows,0b02737e824af2e22223eb77935affee2b55e504,64,1,4,batch_sg,8,65536,113131200,579292.008,1668.930,1,4476.676,132200,9729,5633,65536,0,8705,65536,131072,8,16,18434,18434,65536,87,1
windows,0b02737e824af2e22223eb77935affee2b55e504,64,1,4,batch_sg,16,65536,113788700,575944.712,1668.930,1,4502.596,132700,9729,5633,65536,0,4609,65536,131072,16,32,18434,18434,65536,88,1
windows,0b02737e824af2e22223eb77935affee2b55e504,64,1,4,copy,0,65536,70184800,933763.436,953.674,1,2778.815,50600,5633,1537,65536,0,0,0,0,0,0,10242,10242,65536,48,1
windows,0b02737e824af2e22223eb77935affee2b55e504,64,1,4,sg,0,65536,480763900,136316.391,7390.976,1,19027.312,132500,66560,66559,65536,0,0,0,0,0,0,132096,132096,65536,2,1
windows,0b02737e824af2e22223eb77935affee2b55e504,64,1,4,batch_sg,1,65536,508883300,128783.947,7629.395,1,20139.410,942600,66560,62464,65536,0,65536,65536,131072,1,2,132096,132096,65536,122,1
windows,0b02737e824af2e22223eb77935affee2b55e504,64,1,5,batch_sg,4,65536,168511300,388911.604,2622.604,1,6662.235,248000,17921,13825,65536,0,16897,65536,131072,4,8,34818,34818,65536,107,1
windows,0b02737e824af2e22223eb77935affee2b55e504,64,1,5,batch_sg,8,65536,112171700,584247.185,1668.930,1,4447.742,120600,9729,5633,65536,0,8705,65536,131072,8,16,18434,18434,65536,87,1
windows,0b02737e824af2e22223eb77935affee2b55e504,64,1,5,batch_sg,16,65536,112956100,580190.003,1668.930,1,4464.912,131100,9729,5633,65536,0,4609,65536,131072,16,32,18434,18434,65536,88,1
windows,0b02737e824af2e22223eb77935affee2b55e504,64,1,5,copy,0,65536,70229800,933165.124,1192.093,1,2783.510,50600,5633,1537,65536,0,0,0,0,0,0,10242,10242,65536,48,1
windows,0b02737e824af2e22223eb77935affee2b55e504,64,1,5,sg,0,65536,472638600,138659.856,7152.557,1,18689.263,130600,66560,66559,65536,0,0,0,0,0,0,132096,132096,65536,2,1
windows,0b02737e824af2e22223eb77935affee2b55e504,64,1,5,batch_sg,1,65536,486509600,134706.489,7390.976,1,19251.779,867100,66560,62464,65536,0,65536,65536,131072,1,2,132096,132096,65536,122,1
windows,0b02737e824af2e22223eb77935affee2b55e504,64,1,5,batch_sg,2,65536,282875300,231678.057,4291.534,1,11192.717,468000,34304,30208,65536,0,33280,65536,131072,2,4,67584,67584,65536,117,1
windows,0b02737e824af2e22223eb77935affee2b55e504,64,8,5,batch_sg,4,524288,607962200,862369.404,4470.348,1,11680.142,523700,143349,110465,524288,0,135170,524288,1048576,4,8,278540,278540,524288,120,8
windows,0b02737e824af2e22223eb77935affee2b55e504,64,8,5,batch_sg,8,524288,411725900,1273390.865,2592.802,1,7146.742,324100,77814,45006,524288,0,69634,524288,1048576,8,16,147462,147462,524288,95,8
windows,0b02737e824af2e22223eb77935affee2b55e504,64,8,5,batch_sg,16,524288,395149300,1326809.892,2801.418,1,7105.206,311300,77818,45006,524288,0,36868,524288,1048576,16,32,147464,147464,524288,96,8
windows,0b02737e824af2e22223eb77935affee2b55e504,64,8,5,copy,0,524288,230095200,2278569.914,1668.930,1,4274.550,81900,45050,12277,524288,0,0,0,0,0,0,81932,81932,524288,48,8
windows,0b02737e824af2e22223eb77935affee2b55e504,64,8,5,sg,0,524288,1736707700,301886.149,11503.696,1,29734.778,216600,532448,532440,524288,0,0,0,0,0,0,1056808,1056808,524288,2,8
windows,0b02737e824af2e22223eb77935affee2b55e504,64,8,5,batch_sg,1,524288,1594494400,328811.440,12040.138,1,30936.048,1566700,532448,489029,1273920,11713,524288,524288,1048576,1,2,1056800,1056800,524288,127,8
windows,0b02737e824af2e22223eb77935affee2b55e504,64,8,5,batch_sg,2,524288,913206200,574117.872,6943.941,1,17865.596,877000,274387,240523,610496,1347,266222,524288,1048576,2,4,540652,540652,524288,122,8
windows,0b02737e824af2e22223eb77935affee2b55e504,65536,1,5,batch_sg,4,1024,108907200,9402.500,106811.523,1,276343.539,14757500,1005,820,1024,0,257,1024,2048,4,8,1324,1324,2026,126,1
windows,0b02737e824af2e22223eb77935affee2b55e504,65536,1,5,batch_sg,8,1024,107283900,9544.769,106811.523,1,270853.984,14452000,1005,820,1024,0,129,1024,2048,8,16,1196,1196,2026,126,1
windows,0b02737e824af2e22223eb77935affee2b55e504,65536,1,5,batch_sg,16,1024,105401200,9715.259,106811.523,1,267326.084,14514600,1005,820,1024,0,65,1024,2048,16,32,1196,1196,2026,126,1
windows,0b02737e824af2e22223eb77935affee2b55e504,65536,1,5,copy,0,1024,118991100,8605.686,106811.523,1,300707.266,17046800,1005,820,1024,0,0,0,0,0,0,1132,1132,2026,126,1
windows,0b02737e824af2e22223eb77935affee2b55e504,65536,1,5,sg,0,1024,95623700,10708.642,91552.734,1,242155.215,1713100,1024,1023,1024,0,0,0,0,0,0,2110,2110,1024,2,1
windows,0b02737e824af2e22223eb77935affee2b55e504,65536,1,5,batch_sg,1,1024,97404900,10512.818,91552.734,1,246496.783,11375600,1024,866,1024,0,1024,1024,2048,1,2,2110,2110,1024,126,1
windows,0b02737e824af2e22223eb77935affee2b55e504,65536,1,5,batch_sg,2,1024,102032200,10036.047,91552.734,1,258371.039,16059400,1005,744,5888,76,513,1024,2048,2,4,1580,1580,2026,126,1
windows,0b02737e824af2e22223eb77935affee2b55e504,65536,8,5,batch_sg,4,8192,387625700,21133.790,186920.166,1,474651.480,218114500,8040,6671,8192,0,2056,8192,16384,4,8,10619,10620,16208,127,8
windows,0b02737e824af2e22223eb77935affee2b55e504,65536,8,5,batch_sg,8,8192,373550400,21930.106,183105.469,1,469725.039,201488100,8040,6630,8192,0,1034,8192,16384,8,16,9590,9590,16208,127,8
windows,0b02737e824af2e22223eb77935affee2b55e504,65536,8,5,batch_sg,16,8192,371424400,22055.632,177383.423,1,463956.245,202205100,8040,6662,8192,0,523,8192,16384,16,32,9599,9599,16208,127,8
windows,0b02737e824af2e22223eb77935affee2b55e504,65536,8,5,copy,0,8192,394542000,20763.315,186920.166,1,470140.817,214051200,8040,6661,8192,0,0,0,0,0,0,9098,9098,16208,127,8
windows,0b02737e824af2e22223eb77935affee2b55e504,65536,8,5,sg,0,8192,347159300,23597.236,169754.028,1,430585.975,3139400,8192,8184,8192,0,0,0,0,0,0,16890,16890,8192,2,8
windows,0b02737e824af2e22223eb77935affee2b55e504,65536,8,5,batch_sg,1,8192,364833200,22454.097,169754.028,1,427640.837,186093800,8192,5411,104704,1508,8192,8192,16384,1,2,16904,16904,8192,127,8
windows,0b02737e824af2e22223eb77935affee2b55e504,65536,8,5,batch_sg,2,8192,399790900,20490.712,179290.771,1,471588.749,193924000,8040,6112,58176,781,4104,8192,16384,2,4,12668,12668,16208,127,8
windows,0b02737e824af2e22223eb77935affee2b55e504,65536,8,6,batch_sg,8,8192,398260300,20569.462,186920.166,1,482791.962,218739500,8040,6651,8192,0,1033,8192,16384,8,16,9601,9601,16208,127,8
windows,0b02737e824af2e22223eb77935affee2b55e504,65536,8,6,batch_sg,16,8192,372851900,21971.190,183105.469,1,470015.968,190308700,8040,6632,8192,0,520,8192,16384,16,32,9590,9590,16208,127,8
windows,0b02737e824af2e22223eb77935affee2b55e504,65536,8,6,copy,0,8192,419984300,19505.491,198364.258,1,524000.042,214171000,8040,6652,8192,0,0,0,0,0,0,9104,9104,16208,127,8
windows,0b02737e824af2e22223eb77935affee2b55e504,65536,8,6,sg,0,8192,381447800,21476.071,183105.469,1,477383.153,3491100,8192,8184,8192,0,0,0,0,0,0,16888,16888,8192,2,8
windows,0b02737e824af2e22223eb77935affee2b55e504,65536,8,6,batch_sg,1,8192,341442200,23992.348,167846.680,1,430203.509,22071800,8192,4827,138112,2030,8192,8192,16384,1,2,16896,16896,8192,126,8
windows,0b02737e824af2e22223eb77935affee2b55e504,65536,8,6,batch_sg,2,8192,354137800,23132.238,162124.634,1,433160.724,183289500,8040,5524,93888,1339,4104,8192,16384,2,4,12668,12668,16208,126,8
windows,0b02737e824af2e22223eb77935affee2b55e504,65536,8,6,batch_sg,4,8192,365549200,22410.116,175476.074,1,456150.437,202724700,8040,6621,8192,0,2056,8192,16384,4,8,10610,10610,16208,127,8
windows,0b02737e824af2e22223eb77935affee2b55e504,65536,1,6,batch_sg,8,1024,101498200,10088.849,91552.734,1,257463.629,13957300,1005,820,1024,0,129,1024,2048,8,16,1196,1196,2026,126,1
windows,0b02737e824af2e22223eb77935affee2b55e504,65536,1,6,batch_sg,16,1024,99558500,10285.410,91552.734,1,252545.744,13174800,1005,820,1024,0,65,1024,2048,16,32,1196,1196,2026,126,1
windows,0b02737e824af2e22223eb77935affee2b55e504,65536,1,6,copy,0,1024,106151900,9646.554,106811.523,1,269206.844,13848600,1005,820,1024,0,0,0,0,0,0,1132,1132,2026,126,1
windows,0b02737e824af2e22223eb77935affee2b55e504,65536,1,6,sg,0,1024,93810800,10915.588,91552.734,1,237698.754,1689400,1024,1023,1024,0,0,0,0,0,0,2110,2110,1024,2,1
windows,0b02737e824af2e22223eb77935affee2b55e504,65536,1,6,batch_sg,1,1024,95546100,10717.340,91552.734,1,242190.229,11218600,1024,866,1024,0,1024,1024,2048,1,2,2110,2110,1024,126,1
windows,0b02737e824af2e22223eb77935affee2b55e504,65536,1,6,batch_sg,2,1024,97866900,10463.190,91552.734,1,248058.662,13615600,1005,744,5888,76,513,1024,2048,2,4,1580,1580,2026,126,1
windows,0b02737e824af2e22223eb77935affee2b55e504,65536,1,6,batch_sg,4,1024,100002500,10239.744,106811.523,1,253646.148,13235000,1005,820,1024,0,257,1024,2048,4,8,1324,1324,2026,126,1
windows,0b02737e824af2e22223eb77935affee2b55e504,64,8,6,batch_sg,8,524288,369289800,1419719.689,2861.023,1,7170.963,240100,77820,45016,524288,0,69636,524288,1048576,8,16,147464,147464,524288,87,8
windows,0b02737e824af2e22223eb77935affee2b55e504,64,8,6,batch_sg,16,524288,512509400,1022982.213,2890.825,1,7267.579,910500,77808,44997,524288,0,36871,524288,1048576,16,32,147476,147476,524288,89,8
windows,0b02737e824af2e22223eb77935affee2b55e504,64,8,6,copy,0,524288,235290800,2228255.418,1668.930,1,4262.211,81200,45043,12267,524288,0,0,0,0,0,0,81928,81928,524288,48,8
windows,0b02737e824af2e22223eb77935affee2b55e504,64,8,6,sg,0,524288,1611968900,325246.970,11473.894,1,29884.309,213000,532448,532440,524288,0,0,0,0,0,0,1056796,1056796,524288,2,8
windows,0b02737e824af2e22223eb77935affee2b55e504,64,8,6,batch_sg,1,524288,1574779600,332927.859,11980.534,1,30949.743,1559000,532446,486603,1424704,14069,524288,524288,1048576,1,2,1056802,1056802,524288,127,8
windows,0b02737e824af2e22223eb77935affee2b55e504,64,8,6,batch_sg,2,524288,967241600,542044.511,6824.732,1,17764.592,879500,274401,240822,595840,1118,266227,524288,1048576,2,4,540666,540666,524288,125,8
windows,0b02737e824af2e22223eb77935affee2b55e504,64,8,6,batch_sg,4,524288,618069000,848267.750,4053.116,1,10607.311,451200,143345,110453,524352,1,135169,524288,1048576,4,8,278542,278542,524288,118,8
windows,0b02737e824af2e22223eb77935affee2b55e504,64,1,6,batch_sg,8,65536,155678200,420970.952,2384.186,1,6168.828,156800,9729,5633,65536,0,8705,65536,131072,8,16,18434,18434,65536,87,1
windows,0b02737e824af2e22223eb77935affee2b55e504,64,1,6,batch_sg,16,65536,116967900,560290.473,1907.349,1,4606.696,147000,9729,5633,65536,0,4609,65536,131072,16,32,18434,18434,65536,88,1
windows,0b02737e824af2e22223eb77935affee2b55e504,64,1,6,copy,0,65536,69945200,936962.079,1192.093,1,2769.398,51000,5633,1537,65536,0,0,0,0,0,0,10242,10242,65536,48,1
windows,0b02737e824af2e22223eb77935affee2b55e504,64,1,6,sg,0,65536,474264900,138184.378,7390.976,1,18773.873,135400,66560,66559,65536,0,0,0,0,0,0,132096,132096,65536,2,1
windows,0b02737e824af2e22223eb77935affee2b55e504,64,1,6,batch_sg,1,65536,496191800,132077.959,7629.395,1,19643.462,1004000,66560,62464,65536,0,65536,65536,131072,1,2,132096,132096,65536,122,1
windows,0b02737e824af2e22223eb77935affee2b55e504,64,1,6,batch_sg,2,65536,292085900,224372.351,4529.953,1,11568.344,567100,34304,30208,65536,0,33280,65536,131072,2,4,67584,67584,65536,117,1
windows,0b02737e824af2e22223eb77935affee2b55e504,64,1,6,batch_sg,4,65536,178889900,366348.240,2622.604,1,7084.575,292400,17921,13825,65536,0,16897,65536,131072,4,8,34818,34818,65536,107,1
windows,0b02737e824af2e22223eb77935affee2b55e504,64,1,7,batch_sg,16,65536,112843200,580770.485,1668.930,1,4472.265,131500,9729,5633,65536,0,4609,65536,131072,16,32,18434,18434,65536,88,1
windows,0b02737e824af2e22223eb77935affee2b55e504,64,1,7,copy,0,65536,96599900,678427.203,1430.511,1,3828.164,76400,5633,1537,65536,0,0,0,0,0,0,10242,10242,65536,48,1
windows,0b02737e824af2e22223eb77935affee2b55e504,64,1,7,sg,0,65536,492387400,133098.451,7390.976,1,19497.352,163500,66560,66559,65536,0,0,0,0,0,0,132096,132096,65536,2,1
windows,0b02737e824af2e22223eb77935affee2b55e504,64,1,7,batch_sg,1,65536,498820800,131381.851,7629.395,1,19753.848,992600,66560,62464,65536,0,65536,65536,131072,1,2,132096,132096,65536,122,1
windows,0b02737e824af2e22223eb77935affee2b55e504,64,1,7,batch_sg,2,65536,290079500,225924.272,4529.953,1,11478.170,552800,34304,30208,65536,0,33280,65536,131072,2,4,67584,67584,65536,117,1
windows,0b02737e824af2e22223eb77935affee2b55e504,64,1,7,batch_sg,4,65536,171576500,381963.730,2622.604,1,6793.238,251800,17921,13825,65536,0,16897,65536,131072,4,8,34818,34818,65536,107,1
windows,0b02737e824af2e22223eb77935affee2b55e504,64,1,7,batch_sg,8,65536,117058300,559857.780,1668.930,1,4639.404,145000,9729,5633,65536,0,8705,65536,131072,8,16,18434,18434,65536,87,1
windows,0b02737e824af2e22223eb77935affee2b55e504,64,8,7,batch_sg,16,524288,363101100,1443917.410,2741.814,1,7069.429,232300,77820,45016,524288,0,36868,524288,1048576,16,32,147464,147464,524288,88,8
windows,0b02737e824af2e22223eb77935affee2b55e504,64,8,7,copy,0,524288,219258700,2391184.478,1639.128,1,4307.226,81600,45052,12280,524288,0,0,0,0,0,0,81928,81928,524288,48,8
windows,0b02737e824af2e22223eb77935affee2b55e504,64,8,7,sg,0,524288,1553658400,337453.844,11682.510,1,30349.475,213000,532440,532432,524288,0,0,0,0,0,0,1056790,1056790,524288,2,8
windows,0b02737e824af2e22223eb77935affee2b55e504,64,8,7,batch_sg,1,524288,1574797200,332924.138,12040.138,1,30978.035,1548100,532442,491460,1113408,9205,524288,524288,1048576,1,2,1056794,1056794,524288,126,8
windows,0b02737e824af2e22223eb77935affee2b55e504,64,8,7,batch_sg,2,524288,922059300,568605.512,6943.941,1,17866.546,873600,274395,240453,601536,1207,266225,524288,1048576,2,4,540662,540662,524288,125,8
windows,0b02737e824af2e22223eb77935affee2b55e504,64,8,7,batch_sg,4,524288,548921300,955124.168,4172.325,1,10811.482,468100,143346,110454,524288,0,135169,524288,1048576,4,8,278538,278538,524288,116,8
windows,0b02737e824af2e22223eb77935affee2b55e504,64,8,7,batch_sg,8,524288,366757200,1429523.401,2771.616,1,7153.626,238300,77820,45020,524288,0,69636,524288,1048576,8,16,147464,147464,524288,96,8
windows,0b02737e824af2e22223eb77935affee2b55e504,65536,1,7,batch_sg,16,1024,150840700,6788.619,152587.891,1,382385.936,22053100,1005,820,1024,0,65,1024,2048,16,32,1196,1196,2026,126,1
windows,0b02737e824af2e22223eb77935affee2b55e504,65536,1,7,copy,0,1024,109746100,9330.628,106811.523,1,278415.008,15320500,1005,820,1024,0,0,0,0,0,0,1132,1132,2026,126,1
windows,0b02737e824af2e22223eb77935affee2b55e504,65536,1,7,sg,0,1024,106661000,9600.510,106811.523,1,270211.018,2507900,1024,1023,1024,0,0,0,0,0,0,2110,2110,1024,2,1
windows,0b02737e824af2e22223eb77935affee2b55e504,65536,1,7,batch_sg,1,1024,94908600,10789.328,91552.734,1,240561.064,11172000,1024,866,1024,0,1024,1024,2048,1,2,2110,2110,1024,126,1
windows,0b02737e824af2e22223eb77935affee2b55e504,65536,1,7,batch_sg,2,1024,104267600,9820.884,106811.523,1,264105.791,16684600,1005,744,5888,76,513,1024,2048,2,4,1580,1580,2026,126,1
windows,0b02737e824af2e22223eb77935affee2b55e504,65536,1,7,batch_sg,4,1024,101937100,10045.410,106811.523,1,258156.260,13597700,1005,820,1024,0,257,1024,2048,4,8,1324,1324,2026,126,1
windows,0b02737e824af2e22223eb77935affee2b55e504,65536,1,7,batch_sg,8,1024,106578700,9607.924,106811.523,1,270387.152,17216600,1005,820,1024,0,129,1024,2048,8,16,1196,1196,2026,126,1
windows,0b02737e824af2e22223eb77935affee2b55e504,65536,8,7,batch_sg,16,8192,375042700,21842.846,181198.120,1,463405.001,194970000,8040,6657,8192,0,535,8192,16384,16,32,9607,9607,16208,127,8
windows,0b02737e824af2e22223eb77935affee2b55e504,65536,8,7,copy,0,8192,396099100,20681.693,186920.166,1,483627.000,202266800,8040,6696,8192,0,0,0,0,0,0,9115,9116,16208,127,8
windows,0b02737e824af2e22223eb77935affee2b55e504,65536,8,7,sg,0,8192,340148500,24083.599,164031.982,1,423228.444,3063500,8192,8184,8192,0,0,0,0,0,0,16895,16898,8192,2,8
windows,0b02737e824af2e22223eb77935affee2b55e504,65536,8,7,batch_sg,1,8192,340950100,24026.976,160217.285,1,429044.948,186574000,8192,5433,95872,1370,8192,8192,16384,1,2,16896,16896,8192,127,8
windows,0b02737e824af2e22223eb77935affee2b55e504,65536,8,7,batch_sg,2,8192,348115400,23532.426,167846.680,1,437102.869,185231700,8040,5451,90944,1293,4104,8192,16384,2,4,12656,12656,16208,127,8
windows,0b02737e824af2e22223eb77935affee2b55e504,65536,8,7,batch_sg,4,8192,369816200,22151.544,181198.120,1,460906.897,198509100,8040,6685,8192,0,2056,8192,16384,4,8,10622,10622,16208,127,8
windows,0b02737e824af2e22223eb77935affee2b55e504,65536,8,7,batch_sg,8,8192,367663800,22281.225,173568.726,1,452294.918,202879800,8040,6642,8192,0,1032,8192,16384,8,16,9594,9594,16208,127,8
windows,0b02737e824af2e22223eb77935affee2b55e504,65536,8,8,copy,0,8192,389090700,21054.217,181198.120,1,468897.102,200484800,8040,6624,8192,0,0,0,0,0,0,9084,9084,16208,127,8
windows,0b02737e824af2e22223eb77935affee2b55e504,65536,8,8,sg,0,8192,359980800,22756.769,175476.074,1,452813.309,3157300,8192,8184,8192,0,0,0,0,0,0,16888,16888,8192,2,8
windows,0b02737e824af2e22223eb77935affee2b55e504,65536,8,8,batch_sg,1,8192,356513500,22978.092,162124.634,1,429120.628,181809500,8192,5523,99200,1422,8192,8192,16384,1,2,16907,16908,8192,127,8
windows,0b02737e824af2e22223eb77935affee2b55e504,65536,8,8,batch_sg,2,8192,349829500,23417.122,173568.726,1,440001.539,24244200,8040,5440,90240,1282,4104,8192,16384,2,4,12656,12656,16208,127,8
windows,0b02737e824af2e22223eb77935affee2b55e504,65536,8,8,batch_sg,4,8192,375054000,21842.188,177383.423,1,455417.320,200376200,8040,6631,8192,0,2056,8192,16384,4,8,10612,10612,16208,127,8
windows,0b02737e824af2e22223eb77935affee2b55e504,65536,8,8,batch_sg,8,8192,366109900,22375.795,181198.120,1,457408.088,206093200,8040,6624,8192,0,1032,8192,16384,8,16,9594,9594,16208,127,8
windows,0b02737e824af2e22223eb77935affee2b55e504,65536,8,8,batch_sg,16,8192,364507800,22474.142,175476.074,1,452900.078,197004700,8040,6611,8192,0,522,8192,16384,16,32,9588,9588,16208,127,8
windows,0b02737e824af2e22223eb77935affee2b55e504,65536,1,8,copy,0,1024,107557300,9520.507,106811.523,1,272835.748,13810800,1005,820,1024,0,0,0,0,0,0,1132,1132,2026,126,1
windows,0b02737e824af2e22223eb77935affee2b55e504,65536,1,8,sg,0,1024,101945100,10044.622,106811.523,1,258586.275,2711100,1024,1023,1024,0,0,0,0,0,0,2110,2110,1024,2,1
windows,0b02737e824af2e22223eb77935affee2b55e504,65536,1,8,batch_sg,1,1024,95858100,10682.457,91552.734,1,242853.025,11542200,1024,866,1024,0,1024,1024,2048,1,2,2110,2110,1024,126,1
windows,0b02737e824af2e22223eb77935affee2b55e504,65536,1,8,batch_sg,2,1024,98443500,10401.906,91552.734,1,249695.189,14244300,1005,744,5888,76,513,1024,2048,2,4,1580,1580,2026,126,1
windows,0b02737e824af2e22223eb77935affee2b55e504,65536,1,8,batch_sg,4,1024,99444100,10297.242,91552.734,1,252227.549,13164500,1005,820,1024,0,257,1024,2048,4,8,1324,1324,2026,126,1
windows,0b02737e824af2e22223eb77935affee2b55e504,65536,1,8,batch_sg,8,1024,99056500,10337.535,91552.734,1,251128.059,13502700,1005,820,1024,0,129,1024,2048,8,16,1196,1196,2026,126,1
windows,0b02737e824af2e22223eb77935affee2b55e504,65536,1,8,batch_sg,16,1024,97764000,10474.203,106811.523,1,247575.859,13178900,1005,820,1024,0,65,1024,2048,16,32,1196,1196,2026,126,1
windows,0b02737e824af2e22223eb77935affee2b55e504,64,8,8,copy,0,524288,235651600,2224843.795,1668.930,1,4179.112,80500,45054,12281,524288,0,0,0,0,0,0,81936,81936,524288,48,8
windows,0b02737e824af2e22223eb77935affee2b55e504,64,8,8,sg,0,524288,1538124000,340861.985,11652.708,1,30068.097,209400,532452,532444,524288,0,0,0,0,0,0,1056796,1056796,524288,2,8
windows,0b02737e824af2e22223eb77935affee2b55e504,64,8,8,batch_sg,1,524288,1568452200,334270.946,11920.929,1,30878.174,1544200,532442,488343,1326656,12537,524288,524288,1048576,1,2,1056796,1056796,524288,127,8
windows,0b02737e824af2e22223eb77935affee2b55e504,64,8,8,batch_sg,2,524288,986245400,531599.945,6884.336,1,17850.790,879200,274396,240707,585792,961,266226,524288,1048576,2,4,540666,540666,524288,126,8
windows,0b02737e824af2e22223eb77935affee2b55e504,64,8,8,batch_sg,4,524288,566780100,925028.949,4142.523,1,10748.887,468600,143346,110477,524288,0,135170,524288,1048576,4,8,278544,278544,524288,120,8
windows,0b02737e824af2e22223eb77935affee2b55e504,64,8,8,batch_sg,8,524288,379886600,1380117.119,2682.209,1,7095.581,239500,77814,45019,524288,0,69634,524288,1048576,8,16,147466,147466,524288,96,8
windows,0b02737e824af2e22223eb77935affee2b55e504,64,8,8,batch_sg,16,524288,360721900,1453441.003,2741.814,1,7104.911,231600,77818,45011,524288,0,36868,524288,1048576,16,32,147464,147464,524288,88,8
windows,0b02737e824af2e22223eb77935affee2b55e504,64,1,8,copy,0,65536,69372400,944698.468,953.674,1,2751.527,50200,5633,1537,65536,0,0,0,0,0,0,10242,10242,65536,48,1
windows,0b02737e824af2e22223eb77935affee2b55e504,64,1,8,sg,0,65536,478549600,136947.142,7152.557,1,18946.966,139500,66560,66559,65536,0,0,0,0,0,0,132096,132096,65536,2,1
windows,0b02737e824af2e22223eb77935affee2b55e504,64,1,8,batch_sg,1,65536,484980500,135131.206,7390.976,1,19198.480,862700,66560,62464,65536,0,65536,65536,131072,1,2,132096,132096,65536,122,1
windows,0b02737e824af2e22223eb77935affee2b55e504,64,1,8,batch_sg,2,65536,292352700,224167.589,4529.953,1,11578.799,588200,34304,30208,65536,0,33280,65536,131072,2,4,67584,67584,65536,117,1
windows,0b02737e824af2e22223eb77935affee2b55e504,64,1,8,batch_sg,4,65536,177943200,368297.299,2622.604,1,7043.893,306400,17921,13825,65536,0,16897,65536,131072,4,8,34818,34818,65536,107,1
windows,0b02737e824af2e22223eb77935affee2b55e504,64,1,8,batch_sg,8,65536,112093300,584655.818,1907.349,1,4432.522,131300,9729,5633,65536,0,8705,65536,131072,8,16,18434,18434,65536,87,1
windows,0b02737e824af2e22223eb77935affee2b55e504,64,1,8,batch_sg,16,65536,111774000,586325.979,1668.930,1,4430.355,118500,9729,5633,65536,0,4609,65536,131072,16,32,18434,18434,65536,88,1
windows,0b02737e824af2e22223eb77935affee2b55e504,64,1,9,sg,0,65536,517563900,126623.978,7629.395,1,20247.702,190800,66560,66559,65536,0,0,0,0,0,0,132096,132096,65536,2,1
windows,0b02737e824af2e22223eb77935affee2b55e504,64,1,9,batch_sg,1,65536,504360900,129938.701,7629.395,1,19758.768,1061100,66560,62464,65536,0,65536,65536,131072,1,2,132096,132096,65536,122,1
windows,0b02737e824af2e22223eb77935affee2b55e504,64,1,9,batch_sg,2,65536,287016300,228335.464,4291.534,1,11365.185,484800,34304,30208,65536,0,33280,65536,131072,2,4,67584,67584,65536,117,1
windows,0b02737e824af2e22223eb77935affee2b55e504,64,1,9,batch_sg,4,65536,173897600,376865.466,2622.604,1,6877.010,253700,17921,13825,65536,0,16897,65536,131072,4,8,34818,34818,65536,107,1
windows,0b02737e824af2e22223eb77935affee2b55e504,64,1,9,batch_sg,8,65536,113326300,578294.712,1907.349,1,4490.105,127300,9729,5633,65536,0,8705,65536,131072,8,16,18434,18434,65536,87,1
windows,0b02737e824af2e22223eb77935affee2b55e504,64,1,9,batch_sg,16,65536,113546400,577173.737,1668.930,1,4496.333,132200,9729,5633,65536,0,4609,65536,131072,16,32,18434,18434,65536,88,1
windows,0b02737e824af2e22223eb77935affee2b55e504,64,1,9,copy,0,65536,70773500,925996.312,953.674,1,2804.896,50800,5633,1537,65536,0,0,0,0,0,0,10242,10242,65536,48,1
windows,0b02737e824af2e22223eb77935affee2b55e504,64,8,9,sg,0,524288,1557831400,336549.899,11682.510,1,30372.517,213800,532440,532432,524288,0,0,0,0,0,0,1056800,1056800,524288,2,8
windows,0b02737e824af2e22223eb77935affee2b55e504,64,8,9,batch_sg,1,524288,1586333200,330503.075,12040.138,1,31051.758,1561800,532440,490043,1233664,11084,524288,524288,1048576,1,2,1056798,1056798,524288,126,8
windows,0b02737e824af2e22223eb77935affee2b55e504,64,8,9,batch_sg,2,524288,907967900,577430.105,6884.336,1,17922.281,868600,274395,240584,579328,860,266225,524288,1048576,2,4,540658,540658,524288,124,8
windows,0b02737e824af2e22223eb77935affee2b55e504,64,8,9,batch_sg,4,524288,547673900,957299.590,4172.325,1,10819.102,468500,143346,110481,524288,0,135170,524288,1048576,4,8,278540,278540,524288,120,8
windows,0b02737e824af2e22223eb77935affee2b55e504,64,8,9,batch_sg,8,524288,371327700,1411928.062,2771.616,1,7086.837,240800,77814,45003,524288,0,69634,524288,1048576,8,16,147462,147462,524288,103,8
windows,0b02737e824af2e22223eb77935affee2b55e504,64,8,9,batch_sg,16,524288,372885300,1406030.219,2622.604,1,7058.664,232500,77820,45028,524288,0,36869,524288,1048576,16,32,147472,147472,524288,96,8
windows,0b02737e824af2e22223eb77935affee2b55e504,64,8,9,copy,0,524288,233250400,2247747.485,1609.325,1,4239.188,85300,45051,12277,524288,0,0,0,0,0,0,81936,81936,524288,48,8
windows,0b02737e824af2e22223eb77935affee2b55e504,65536,1,9,sg,0,1024,94166400,10874.367,91552.734,1,238476.875,1673900,1024,1023,1024,0,0,0,0,0,0,2110,2110,1024,2,1
windows,0b02737e824af2e22223eb77935affee2b55e504,65536,1,9,batch_sg,1,1024,94821200,10799.273,91552.734,1,240462.092,11246700,1024,866,1024,0,1024,1024,2048,1,2,2110,2110,1024,126,1
windows,0b02737e824af2e22223eb77935affee2b55e504,65536,1,9,batch_sg,2,1024,98140700,10433.999,91552.734,1,249022.566,13903100,1005,744,5888,76,513,1024,2048,2,4,1580,1580,2026,126,1
windows,0b02737e824af2e22223eb77935affee2b55e504,65536,1,9,batch_sg,4,1024,99986100,10241.424,106811.523,1,253579.600,13291200,1005,820,1024,0,257,1024,2048,4,8,1324,1324,2026,126,1
windows,0b02737e824af2e22223eb77935affee2b55e504,65536,1,9,batch_sg,8,1024,100840200,10154.680,106811.523,1,255791.174,13703200,1005,820,1024,0,129,1024,2048,8,16,1196,1196,2026,126,1
windows,0b02737e824af2e22223eb77935affee2b55e504,65536,1,9,batch_sg,16,1024,100244700,10215.004,91552.734,1,254145.785,13836100,1005,820,1024,0,65,1024,2048,16,32,1196,1196,2026,126,1
windows,0b02737e824af2e22223eb77935affee2b55e504,65536,1,9,copy,0,1024,104420400,9806.513,106811.523,1,264780.318,13943700,1005,820,1024,0,0,0,0,0,0,1132,1132,2026,126,1
windows,0b02737e824af2e22223eb77935affee2b55e504,65536,8,9,sg,0,8192,337029400,24306.485,160217.285,1,422503.288,3062000,8192,8184,8192,0,0,0,0,0,0,16890,16890,8192,2,8
windows,0b02737e824af2e22223eb77935affee2b55e504,65536,8,9,batch_sg,1,8192,340178500,24081.475,167846.680,1,428797.316,21503800,8192,5228,109376,1581,8192,8192,16384,1,2,16893,16894,8192,126,8
windows,0b02737e824af2e22223eb77935affee2b55e504,65536,8,9,batch_sg,2,8192,355479900,23044.904,171661.377,1,438575.712,191663700,8040,5483,88192,1250,4104,8192,16384,2,4,12661,12662,16208,127,8
windows,0b02737e824af2e22223eb77935affee2b55e504,65536,8,9,batch_sg,4,8192,364420800,22479.507,175476.074,1,457085.999,24659600,8040,6610,8192,0,2056,8192,16384,4,8,10608,10608,16208,127,8
windows,0b02737e824af2e22223eb77935affee2b55e504,65536,8,9,batch_sg,8,8192,368301700,22242.634,183105.469,1,465452.755,25479700,8040,6610,8192,0,1033,8192,16384,8,16,9585,9585,16208,127,8
windows,0b02737e824af2e22223eb77935affee2b55e504,65536,8,9,batch_sg,16,8192,364933700,22447.913,181198.120,1,453686.280,203204600,8040,6679,8192,0,520,8192,16384,16,32,9593,9594,16208,127,8
windows,0b02737e824af2e22223eb77935affee2b55e504,65536,8,9,copy,0,8192,406906200,20132.404,192642.212,1,479187.538,174832500,8040,6678,8192,0,0,0,0,0,0,9139,9140,16208,127,8
windows,0b02737e824af2e22223eb77935affee2b55e504,65536,8,10,batch_sg,1,8192,343709000,23834.115,175476.074,1,433043.086,194637900,8192,4394,163520,2427,8192,8192,16384,1,2,16905,16906,8192,127,8
windows,0b02737e824af2e22223eb77935affee2b55e504,65536,8,10,batch_sg,2,8192,352042600,23269.911,169754.028,1,441586.717,192690500,8040,5510,83264,1173,4104,8192,16384,2,4,12664,12664,16208,127,8
windows,0b02737e824af2e22223eb77935affee2b55e504,65536,8,10,batch_sg,4,8192,369371900,22178.190,183105.469,1,464379.300,25110600,8040,6668,8192,0,2056,8192,16384,4,8,10610,10612,16208,127,8
windows,0b02737e824af2e22223eb77935affee2b55e504,65536,8,10,batch_sg,8,8192,373173200,21952.273,177383.423,1,465052.659,206218500,8040,6639,8192,0,1034,8192,16384,8,16,9598,9598,16208,127,8
windows,0b02737e824af2e22223eb77935affee2b55e504,65536,8,10,batch_sg,16,8192,370727200,22097.111,175476.074,1,462391.478,203852800,8040,6660,8192,0,522,8192,16384,16,32,9598,9598,16208,127,8
windows,0b02737e824af2e22223eb77935affee2b55e504,65536,8,10,copy,0,8192,401277200,20414.815,194549.561,1,495046.281,200689700,8040,6652,8192,0,0,0,0,0,0,9112,9112,16208,127,8
windows,0b02737e824af2e22223eb77935affee2b55e504,65536,8,10,sg,0,8192,357718900,22900.663,164031.982,1,437421.893,3166300,8192,8184,8192,0,0,0,0,0,0,16898,16898,8192,2,8
windows,0b02737e824af2e22223eb77935affee2b55e504,65536,1,10,batch_sg,1,1024,96518600,10609.354,91552.734,1,244531.752,11349600,1024,866,1024,0,1024,1024,2048,1,2,2110,2110,1024,126,1
windows,0b02737e824af2e22223eb77935affee2b55e504,65536,1,10,batch_sg,2,1024,103191400,9923.308,106811.523,1,261456.229,15071600,1005,744,5888,76,513,1024,2048,2,4,1580,1580,2026,126,1
windows,0b02737e824af2e22223eb77935affee2b55e504,65536,1,10,batch_sg,4,1024,103142300,9928.031,106811.523,1,261604.230,13893500,1005,820,1024,0,257,1024,2048,4,8,1324,1324,2026,126,1
windows,0b02737e824af2e22223eb77935affee2b55e504,65536,1,10,batch_sg,8,1024,100541900,10184.809,91552.734,1,254327.938,13576800,1005,820,1024,0,129,1024,2048,8,16,1196,1196,2026,126,1
windows,0b02737e824af2e22223eb77935affee2b55e504,65536,1,10,batch_sg,16,1024,100274000,10212.019,91552.734,1,254299.525,13474300,1005,820,1024,0,65,1024,2048,16,32,1196,1196,2026,126,1
windows,0b02737e824af2e22223eb77935affee2b55e504,65536,1,10,copy,0,1024,107104200,9560.783,106811.523,1,271288.596,14848300,1005,820,1024,0,0,0,0,0,0,1132,1132,2026,126,1
windows,0b02737e824af2e22223eb77935affee2b55e504,65536,1,10,sg,0,1024,93979200,10896.028,91552.734,1,238450.799,1677700,1024,1023,1024,0,0,0,0,0,0,2110,2110,1024,2,1
windows,0b02737e824af2e22223eb77935affee2b55e504,64,8,10,batch_sg,1,524288,1576420800,332581.250,11980.534,1,30977.051,1541700,532440,493877,956992,6761,524288,524288,1048576,1,2,1056796,1056796,524288,126,8
windows,0b02737e824af2e22223eb77935affee2b55e504,64,8,10,batch_sg,2,524288,919077900,570450.013,6943.941,1,17941.291,870500,274382,241251,554624,474,266219,524288,1048576,2,4,540656,540656,524288,124,8
windows,0b02737e824af2e22223eb77935affee2b55e504,64,8,10,batch_sg,4,524288,553233100,947680.101,4202.127,1,10826.932,470600,143339,110465,524288,0,135167,524288,1048576,4,8,278538,278538,524288,120,8
windows,0b02737e824af2e22223eb77935affee2b55e504,64,8,10,batch_sg,8,524288,364253200,1439350.430,2741.814,1,7170.740,239400,77814,44998,524288,0,69634,524288,1048576,8,16,147460,147460,524288,104,8
windows,0b02737e824af2e22223eb77935affee2b55e504,64,8,10,batch_sg,16,524288,360552100,1454125.493,2741.814,1,7113.140,233200,77818,45008,524288,0,36868,524288,1048576,16,32,147464,147464,524288,104,8
windows,0b02737e824af2e22223eb77935affee2b55e504,64,8,10,copy,0,524288,223391300,2346949.053,1579.523,1,4221.865,80600,45048,12274,524288,0,0,0,0,0,0,81930,81930,524288,48,8
windows,0b02737e824af2e22223eb77935affee2b55e504,64,8,10,sg,0,524288,1530677700,342520.179,11593.103,1,30133.551,210200,532447,532439,524288,0,0,0,0,0,0,1056798,1056798,524288,2,8
windows,0b02737e824af2e22223eb77935affee2b55e504,64,1,10,batch_sg,1,65536,485427700,135006.717,7390.976,1,19209.542,863400,66560,62464,65536,0,65536,65536,131072,1,2,132096,132096,65536,122,1
windows,0b02737e824af2e22223eb77935affee2b55e504,64,1,10,batch_sg,2,65536,280801000,233389.482,4291.534,1,11119.049,466100,34304,30208,65536,0,33280,65536,131072,2,4,67584,67584,65536,117,1
windows,0b02737e824af2e22223eb77935affee2b55e504,64,1,10,batch_sg,4,65536,168947600,387907.256,2622.604,1,6689.523,239800,17921,13825,65536,0,16897,65536,131072,4,8,34818,34818,65536,107,1
windows,0b02737e824af2e22223eb77935affee2b55e504,64,1,10,batch_sg,8,65536,113967300,575042.139,1907.349,1,4516.066,123200,9729,5633,65536,0,8705,65536,131072,8,16,18434,18434,65536,87,1
windows,0b02737e824af2e22223eb77935affee2b55e504,64,1,10,batch_sg,16,65536,110491900,593129.451,1668.930,1,4375.150,123400,9729,5633,65536,0,4609,65536,131072,16,32,18434,18434,65536,88,1
windows,0b02737e824af2e22223eb77935affee2b55e504,64,1,10,copy,0,65536,69306900,945591.276,1192.093,1,2744.594,49900,5633,1537,65536,0,0,0,0,0,0,10242,10242,65536,48,1
windows,0b02737e824af2e22223eb77935affee2b55e504,64,1,10,sg,0,65536,471863000,138887.770,7152.557,1,18661.047,130600,66560,66559,65536,0,0,0,0,0,0,132096,132096,65536,2,1
macos,0b02737e824af2e22223eb77935affee2b55e504,64,1,1,copy,0,65536,201504000,325234.239,1786.011,0,0.000,465000,10262,4623,65536,0,0,0,0,0,0,6318,6318,65536,128,1
macos,0b02737e824af2e22223eb77935affee2b55e504,64,1,1,sg,0,65536,514172000,127459.294,6170.944,0,0.000,2226000,71215,69680,65536,0,0,0,0,0,0,67385,67385,65536,128,1
macos,0b02737e824af2e22223eb77935affee2b55e504,64,1,1,batch_sg,1,65536,483929000,135424.825,6374.741,0,0.000,1633000,71175,4736,65536,0,65536,65536,131072,1,2,67357,67357,65536,128,1
macos,0b02737e824af2e22223eb77935affee2b55e504,64,1,1,batch_sg,2,65536,368201000,177989.739,4382.385,0,0.000,1415000,38917,4671,65536,0,33280,65536,131072,2,4,35096,35096,65536,128,1
macos,0b02737e824af2e22223eb77935affee2b55e504,64,1,1,batch_sg,4,65536,262709000,249462.333,3001.633,0,0.000,886000,22534,4640,65536,0,16897,65536,131072,4,8,18645,18645,65536,128,1
macos,0b02737e824af2e22223eb77935affee2b55e504,64,1,1,batch_sg,8,65536,221393000,296016.586,2341.995,0,0.000,576000,14343,4625,65536,0,8705,65536,131072,8,16,10423,10423,65536,128,1
macos,0b02737e824af2e22223eb77935affee2b55e504,64,1,1,batch_sg,16,65536,264624000,247657.053,2668.900,0,0.000,831000,14358,4639,65536,0,4609,65536,131072,16,32,10370,10370,65536,128,1
macos,0b02737e824af2e22223eb77935affee2b55e504,64,8,1,copy,0,524288,426934000,1228030.562,2031.841,0,0.000,1108000,82235,37187,524288,0,0,0,0,0,0,51463,51463,524288,128,8
macos,0b02737e824af2e22223eb77935affee2b55e504,64,8,1,sg,0,524288,1958723000,267668.272,8410.061,0,0.000,16509000,574857,562208,524288,0,0,0,0,0,0,541365,541357,524288,128,8
macos,0b02737e824af2e22223eb77935affee2b55e504,64,8,1,batch_sg,1,524288,1775879000,295227.321,8053.432,0,0.000,24393000,569852,41935,689664,2584,524288,524288,1048576,1,2,539537,539530,524288,128,8
macos,0b02737e824af2e22223eb77935affee2b55e504,64,8,1,batch_sg,2,524288,1187617000,441462.189,5310.972,0,0.000,15210000,311697,39569,543424,299,266267,524288,1048576,2,4,281343,281336,524288,128,8
macos,0b02737e824af2e22223eb77935affee2b55e504,64,8,1,batch_sg,4,524288,821692000,638059.029,3719.870,0,0.000,3755000,180621,37610,524288,0,135181,524288,1048576,4,8,150087,150086,524288,128,8
macos,0b02737e824af2e22223eb77935affee2b55e504,64,8,1,batch_sg,8,524288,586661000,893681.359,2752.445,0,0.000,1724000,115012,37291,524288,0,69642,524288,1048576,8,16,84341,84340,524288,128,8
macos,0b02737e824af2e22223eb77935affee2b55e504,64,8,1,batch_sg,16,524288,572098000,916430.402,2662.201,0,0.000,2048000,114916,37222,524288,0,36877,524288,1048576,16,32,83715,83714,524288,128,8
macos,0b02737e824af2e22223eb77935affee2b55e504,65536,1,1,copy,0,1024,157036000,6520.798,149916.016,0,0.000,26639000,1107,930,1024,0,0,0,0,0,0,1156,1156,2038,127,1
macos,0b02737e824af2e22223eb77935affee2b55e504,65536,1,1,sg,0,1024,116923000,8757.900,113921.875,0,0.000,10744000,2063,2027,1024,0,0,0,0,0,0,2112,2112,2039,87,1
macos,0b02737e824af2e22223eb77935affee2b55e504,65536,1,1,batch_sg,1,1024,127889000,8006.944,124577.148,0,0.000,19128000,2059,1702,3712,42,1024,1024,2048,1,2,2105,2105,2038,128,1
macos,0b02737e824af2e22223eb77935affee2b55e504,65536,1,1,batch_sg,2,1024,129078000,7933.188,125108.398,0,0.000,21288000,1551,1411,1024,0,513,1024,2048,2,4,1599,1599,2040,127,1
macos,0b02737e824af2e22223eb77935affee2b55e504,65536,1,1,batch_sg,4,1024,114944000,8908.686,111879.883,0,0.000,14072000,1309,1136,1024,0,257,1024,2048,4,8,1367,1367,2043,127,1
macos,0b02737e824af2e22223eb77935affee2b55e504,65536,1,1,batch_sg,8,1024,138712000,7382.202,133422.852,0,0.000,19889000,1152,958,1024,0,129,1024,2048,8,16,1196,1196,2031,126,1
macos,0b02737e824af2e22223eb77935affee2b55e504,65536,1,1,batch_sg,16,1024,119415000,8575.137,115462.891,0,0.000,17851000,1160,1000,1024,0,66,1024,2048,16,32,1205,1205,2034,127,1
macos,0b02737e824af2e22223eb77935affee2b55e504,65536,8,1,copy,0,8192,519497000,15769.100,128440.308,0,0.000,94712000,8790,7676,8192,0,0,0,0,0,0,9310,9310,16284,128,8
macos,0b02737e824af2e22223eb77935affee2b55e504,65536,8,1,sg,0,8192,502413000,16305.311,124110.352,0,0.000,65979000,16316,16118,8192,0,0,0,0,0,0,17144,17144,16285,69,8
macos,0b02737e824af2e22223eb77935affee2b55e504,65536,8,1,batch_sg,1,8192,525706000,15582.854,128535.400,0,0.000,110180000,16177,13875,24576,256,8192,8192,16384,1,2,17153,17153,16309,128,8
macos,0b02737e824af2e22223eb77935affee2b55e504,65536,8,1,batch_sg,2,8192,327270000,25031.320,107728.638,0,0.000,64347000,12404,10616,18944,168,4104,8192,16384,2,4,13068,13068,16334,128,8
macos,0b02737e824af2e22223eb77935affee2b55e504,65536,8,1,batch_sg,4,8192,381949000,21447.890,124382.812,0,0.000,73223000,10392,9014,9408,19,2057,8192,16384,4,8,11016,11016,16327,128,8
macos,0b02737e824af2e22223eb77935affee2b55e504,65536,8,1,batch_sg,8,8192,411735000,19896.293,134703.979,0,0.000,68602000,9252,8236,8896,11,1046,8192,16384,8,16,9785,9785,16279,128,8
macos,0b02737e824af2e22223eb77935affee2b55e504,65536,8,1,batch_sg,16,8192,322553000,25397.377,108980.347,0,0.000,50560000,9334,8103,9600,22,520,8192,16384,16,32,9869,9869,16307,128,8
macos,0b02737e824af2e22223eb77935affee2b55e504,65536,8,2,sg,0,8192,346483000,23643.296,113253.540,0,0.000,34188000,16009,15695,8192,0,0,0,0,0,0,17108,17108,16205,86,8
macos,0b02737e824af2e22223eb77935affee2b55e504,65536,8,2,batch_sg,1,8192,347121000,23599.840,116201.050,0,0.000,56664000,16410,14057,23104,233,8192,8192,16384,1,2,17169,17169,16262,128,8
macos,0b02737e824af2e22223eb77935affee2b55e504,65536,8,2,batch_sg,2,8192,300956000,27219.926,101398.804,0,0.000,52437000,12407,10555,17792,150,4104,8192,16384,2,4,13148,13148,16371,128,8
macos,0b02737e824af2e22223eb77935affee2b55e504,65536,8,2,batch_sg,4,8192,292318000,28024.275,97995.728,0,0.000,51816000,10380,9015,8768,9,2056,8192,16384,4,8,10905,10905,16307,128,8
macos,0b02737e824af2e22223eb77935affee2b55e504,65536,8,2,batch_sg,8,8192,326278000,25107.424,110040.771,0,0.000,52753000,9309,8069,8896,11,1032,8192,16384,8,16,9842,9842,16292,128,8
macos,0b02737e824af2e22223eb77935affee2b55e504,65536,8,2,batch_sg,16,8192,320246000,25580.335,107979.492,0,0.000,47011000,9320,8108,8192,0,520,8192,16384,16,32,9848,9848,16311,128,8
macos,0b02737e824af2e22223eb77935affee2b55e504,65536,8,2,copy,0,8192,337580000,24266.840,112345.825,0,0.000,51799000,8731,7657,8192,0,0,0,0,0,0,9203,9203,16273,128,8
macos,0b02737e824af2e22223eb77935affee2b55e504,65536,1,2,sg,0,1024,124841000,8202.433,120425.781,0,0.000,6720000,2002,1991,1024,0,0,0,0,0,0,2164,2164,2047,45,1
macos,0b02737e824af2e22223eb77935affee2b55e504,65536,1,2,batch_sg,1,1024,124108000,8250.878,118136.719,0,0.000,15685000,2065,1810,1408,6,1024,1024,2048,1,2,2121,2121,2039,128,1
macos,0b02737e824af2e22223eb77935affee2b55e504,65536,1,2,batch_sg,2,1024,119558000,8564.881,115978.516,0,0.000,17667000,1589,1335,1216,3,513,1024,2048,2,4,1650,1650,2056,127,1
macos,0b02737e824af2e22223eb77935affee2b55e504,65536,1,2,batch_sg,4,1024,109627000,9340.765,106652.344,0,0.000,13128000,1309,1126,1024,0,257,1024,2048,4,8,1379,1379,2046,127,1
macos,0b02737e824af2e22223eb77935affee2b55e504,65536,1,2,batch_sg,8,1024,115445000,8870.025,111584.961,0,0.000,17506000,1164,1010,1024,0,129,1024,2048,8,16,1223,1223,2039,125,1
macos,0b02737e824af2e22223eb77935affee2b55e504,65536,1,2,batch_sg,16,1024,134734000,7600.160,119083.008,0,0.000,28151000,1162,1056,1024,0,66,1024,2048,16,32,1211,1211,2035,127,1
macos,0b02737e824af2e22223eb77935affee2b55e504,65536,1,2,copy,0,1024,143729000,7124.519,114535.156,0,0.000,27498000,1101,923,1024,0,0,0,0,0,0,1157,1157,2037,127,1
macos,0b02737e824af2e22223eb77935affee2b55e504,64,8,2,sg,0,524288,1673093000,313364.529,7458.069,0,0.000,10735000,569833,557592,524288,0,0,0,0,0,0,539351,539343,524288,128,8
macos,0b02737e824af2e22223eb77935affee2b55e504,64,8,2,batch_sg,1,524288,1642874000,319128.552,7538.788,0,0.000,17845000,569449,40503,524288,0,524288,524288,1048576,1,2,539181,539175,524288,128,8
macos,0b02737e824af2e22223eb77935affee2b55e504,64,8,2,batch_sg,2,524288,1076494000,487032.905,5001.791,0,0.000,10355000,311834,39111,524288,0,266250,524288,1048576,2,4,281287,281281,524288,128,8
macos,0b02737e824af2e22223eb77935affee2b55e504,64,8,2,batch_sg,4,524288,697440000,751732.049,3263.302,0,0.000,7000000,180373,37358,524288,0,135178,524288,1048576,4,8,149887,149884,524288,128,8
macos,0b02737e824af2e22223eb77935affee2b55e504,64,8,2,batch_sg,8,524288,698982000,750073.679,2661.573,0,0.000,2648000,114815,37123,524288,0,69644,524288,1048576,8,16,84027,84025,524288,128,8
macos,0b02737e824af2e22223eb77935affee2b55e504,64,8,2,batch_sg,16,524288,594570000,881793.565,2342.199,0,0.000,1790000,114903,37159,524288,0,36872,524288,1048576,16,32,83462,83462,524288,128,8
macos,0b02737e824af2e22223eb77935affee2b55e504,64,8,2,copy,0,524288,486685000,1077263.528,2013.577,0,0.000,1099000,82206,37162,524288,0,0,0,0,0,0,51523,51523,524288,128,8
macos,0b02737e824af2e22223eb77935affee2b55e504,64,1,2,sg,0,65536,463425000,141416.626,6011.459,0,0.000,1108000,71178,69643,65536,0,0,0,0,0,0,67360,67360,65536,128,1
macos,0b02737e824af2e22223eb77935affee2b55e504,64,1,2,batch_sg,1,65536,511292000,128177.245,6532.486,0,0.000,2089000,71170,4731,65536,0,65536,65536,131072,1,2,67339,67339,65536,128,1
macos,0b02737e824af2e22223eb77935affee2b55e504,64,1,2,batch_sg,2,65536,358399000,182857.653,4379.547,0,0.000,1125000,38922,4676,65536,0,33280,65536,131072,2,4,35102,35102,65536,128,1
macos,0b02737e824af2e22223eb77935affee2b55e504,64,1,2,batch_sg,4,65536,253972000,258044.194,2850.693,0,0.000,829000,22539,4645,65536,0,16897,65536,131072,4,8,18637,18637,65536,128,1
macos,0b02737e824af2e22223eb77935affee2b55e504,64,1,2,batch_sg,8,65536,219382000,298730.069,2284.134,0,0.000,555000,14346,4628,65536,0,8705,65536,131072,8,16,10422,10422,65536,128,1
macos,0b02737e824af2e22223eb77935affee2b55e504,64,1,2,batch_sg,16,65536,221416000,295985.837,2239.059,0,0.000,498000,14342,4624,65536,0,4609,65536,131072,16,32,10385,10385,65536,128,1
macos,0b02737e824af2e22223eb77935affee2b55e504,64,1,2,copy,0,65536,183862000,356441.244,1753.891,0,0.000,390000,10258,4628,65536,0,0,0,0,0,0,6299,6299,65536,128,1
macos,0b02737e824af2e22223eb77935affee2b55e504,64,1,3,batch_sg,1,65536,686318000,95489.263,9073.853,0,0.000,3028000,71356,4917,65536,0,65536,65536,131072,1,2,67422,67422,65536,128,1
macos,0b02737e824af2e22223eb77935affee2b55e504,64,1,3,batch_sg,2,65536,571644000,114644.779,7443.466,0,0.000,3091000,39011,4752,65536,0,33280,65536,131072,2,4,35109,35109,65536,128,1
macos,0b02737e824af2e22223eb77935affee2b55e504,64,1,3,batch_sg,4,65536,392984000,166765.059,4774.567,0,0.000,1961000,22617,4723,65536,0,16897,65536,131072,4,8,18736,18736,65536,128,1
macos,0b02737e824af2e22223eb77935affee2b55e504,64,1,3,batch_sg,8,65536,218486000,299955.146,2321.228,0,0.000,626000,14360,4639,65536,0,8705,65536,131072,8,16,10384,10384,65536,128,1
macos,0b02737e824af2e22223eb77935affee2b55e504,64,1,3,batch_sg,16,65536,285722000,229369.807,3042.755,0,0.000,1352000,14372,4650,65536,0,4609,65536,131072,16,32,10340,10340,65536,128,1
macos,0b02737e824af2e22223eb77935affee2b55e504,64,1,3,copy,0,65536,193032000,339508.475,1843.887,0,0.000,532000,10255,4624,65536,0,0,0,0,0,0,6288,6288,65536,128,1
macos,0b02737e824af2e22223eb77935affee2b55e504,64,1,3,sg,0,65536,522945000,125321.018,6905.869,0,0.000,1553000,71186,69651,65536,0,0,0,0,0,0,67357,67357,65536,128,1
macos,0b02737e824af2e22223eb77935affee2b55e504,64,8,3,batch_sg,1,524288,1522109000,344448.394,6910.868,0,0.000,12366000,569450,39638,578496,847,524288,524288,1048576,1,2,539221,539218,524288,128,8
macos,0b02737e824af2e22223eb77935affee2b55e504,64,8,3,batch_sg,2,524288,1068143000,490840.646,4790.808,0,0.000,8089000,311422,38314,524288,0,266250,524288,1048576,2,4,281171,281165,524288,128,8
macos,0b02737e824af2e22223eb77935affee2b55e504,64,8,3,batch_sg,4,524288,717036000,731187.834,3141.870,0,0.000,1897000,180456,37475,524288,0,135183,524288,1048576,4,8,149883,149882,524288,128,8
macos,0b02737e824af2e22223eb77935affee2b55e504,64,8,3,batch_sg,8,524288,553524000,947182.055,2529.051,0,0.000,1315000,114906,37170,524288,0,69641,524288,1048576,8,16,84345,84345,524288,128,8
macos,0b02737e824af2e22223eb77935affee2b55e504,64,8,3,batch_sg,16,524288,576029000,910176.397,2379.663,0,0.000,3362000,114855,37160,524288,0,36880,524288,1048576,16,32,83594,83590,524288,128,8
macos,0b02737e824af2e22223eb77935affee2b55e504,64,8,3,copy,0,524288,582627000,899869.041,1881.151,0,0.000,3298000,82030,36993,524288,0,0,0,0,0,0,51090,51088,524288,128,8
macos,0b02737e824af2e22223eb77935affee2b55e504,64,8,3,sg,0,524288,1585905000,330592.312,6847.452,0,0.000,10779000,570226,557998,524288,0,0,0,0,0,0,539563,539558,524288,128,8
macos,0b02737e824af2e22223eb77935affee2b55e504,65536,1,3,batch_sg,1,1024,136777000,7486.639,132941.406,0,0.000,23198000,2059,1902,1024,0,1024,1024,2048,1,2,2104,2104,2036,128,1
macos,0b02737e824af2e22223eb77935affee2b55e504,65536,1,3,batch_sg,2,1024,154609000,6623.159,148291.016,0,0.000,22145000,1549,1362,1024,0,513,1024,2048,2,4,1597,1597,2038,127,1
macos,0b02737e824af2e22223eb77935affee2b55e504,65536,1,3,batch_sg,4,1024,123040000,8322.497,119159.180,0,0.000,20580000,1304,1097,1088,1,257,1024,2048,4,8,1370,1370,2039,127,1
macos,0b02737e824af2e22223eb77935affee2b55e504,65536,1,3,batch_sg,8,1024,125575000,8154.489,122196.289,0,0.000,19530000,1172,1021,1024,0,129,1024,2048,8,16,1223,1223,2042,127,1
macos,0b02737e824af2e22223eb77935affee2b55e504,65536,1,3,batch_sg,16,1024,118803000,8619.311,115081.055,0,0.000,19249000,1168,1029,1024,0,65,1024,2048,16,32,1228,1228,2039,127,1
macos,0b02737e824af2e22223eb77935affee2b55e504,65536,1,3,copy,0,1024,182467000,5611.974,135229.492,0,0.000,64398000,1097,970,1024,0,0,0,0,0,0,1145,1145,2035,127,1
macos,0b02737e824af2e22223eb77935affee2b55e504,65536,1,3,sg,0,1024,120245000,8515.947,115974.609,0,0.000,10736000,1982,1964,1024,0,0,0,0,0,0,2123,2123,2043,50,1
macos,0b02737e824af2e22223eb77935affee2b55e504,65536,8,3,batch_sg,1,8192,380317000,21539.926,122545.532,0,0.000,64594000,16006,13785,26368,284,8192,8192,16384,1,2,17143,17143,16300,128,8
macos,0b02737e824af2e22223eb77935affee2b55e504,65536,8,3,batch_sg,2,8192,437846000,18709.775,116073.120,0,0.000,106963000,12306,10675,13696,86,4104,8192,16384,2,4,13017,13017,16303,128,8
macos,0b02737e824af2e22223eb77935affee2b55e504,65536,8,3,batch_sg,4,8192,311928000,26262.471,105384.644,0,0.000,53979000,10388,9018,9600,22,2056,8192,16384,4,8,10959,10959,16312,128,8
macos,0b02737e824af2e22223eb77935affee2b55e504,65536,8,3,batch_sg,8,8192,329727000,24844.796,110879.395,0,0.000,60197000,9324,8063,8192,0,1032,8192,16384,8,16,9848,9848,16298,128,8
macos,0b02737e824af2e22223eb77935affee2b55e504,65536,8,3,batch_sg,16,8192,305121000,26848.365,101861.572,0,0.000,50160000,9315,8174,8192,0,527,8192,16384,16,32,9819,9819,16302,128,8
macos,0b02737e824af2e22223eb77935affee2b55e504,65536,8,3,copy,0,8192,304928000,26865.358,104260.498,0,0.000,46323000,8755,7681,8192,0,0,0,0,0,0,9229,9229,16272,128,8
macos,0b02737e824af2e22223eb77935affee2b55e504,65536,8,3,sg,0,8192,295536000,27719.127,99515.381,0,0.000,21450000,16337,16163,8192,0,0,0,0,0,0,17205,17205,16222,49,8
macos,0b02737e824af2e22223eb77935affee2b55e504,65536,8,4,batch_sg,2,8192,353661000,23163.425,116028.442,0,0.000,63749000,12408,10755,15936,121,4104,8192,16384,2,4,13026,13026,16330,128,8
macos,0b02737e824af2e22223eb77935affee2b55e504,65536,8,4,batch_sg,4,8192,331183000,24735.569,110522.461,0,0.000,53050000,10394,9058,8640,7,2057,8192,16384,4,8,10987,10987,16327,128,8
macos,0b02737e824af2e22223eb77935affee2b55e504,65536,8,4,batch_sg,8,8192,292753000,27982.634,99388.672,0,0.000,46763000,9343,8140,8960,12,1032,8192,16384,8,16,9857,9857,16305,128,8
macos,0b02737e824af2e22223eb77935affee2b55e504,65536,8,4,batch_sg,16,8192,313688000,26115.121,103791.992,0,0.000,53445000,9308,8032,8192,0,523,8192,16384,16,32,9868,9868,16303,128,8
macos,0b02737e824af2e22223eb77935affee2b55e504,65536,8,4,copy,0,8192,349009000,23472.174,116488.525,0,0.000,53400000,8805,7822,8192,0,0,0,0,0,0,9308,9308,16290,128,8
macos,0b02737e824af2e22223eb77935affee2b55e504,65536,8,4,sg,0,8192,306662000,26713.450,103452.515,0,0.000,23775000,16494,16248,8192,0,0,0,0,0,0,17068,17068,16266,84,8
macos,0b02737e824af2e22223eb77935affee2b55e504,65536,8,4,batch_sg,1,8192,299662000,27337.467,98199.585,0,0.000,45673000,16360,14227,18944,168,8192,8192,16384,1,2,17182,17182,16266,128,8
macos,0b02737e824af2e22223eb77935affee2b55e504,65536,1,4,batch_sg,2,1024,106480000,9616.829,103499.023,0,0.000,14755000,1556,1355,1024,0,513,1024,2048,2,4,1639,1639,2045,127,1
macos,0b02737e824af2e22223eb77935affee2b55e504,65536,1,4,batch_sg,4,1024,102493000,9990.926,99988.281,0,0.000,13586000,1322,1113,1152,2,257,1024,2048,4,8,1383,1383,2047,127,1
macos,0b02737e824af2e22223eb77935affee2b55e504,65536,1,4,batch_sg,8,1024,119433000,8573.845,115951.172,0,0.000,16146000,1167,966,1024,0,129,1024,2048,8,16,1218,1218,2039,127,1
macos,0b02737e824af2e22223eb77935affee2b55e504,65536,1,4,batch_sg,16,1024,112963000,9064.915,109703.125,0,0.000,15085000,1168,1019,1024,0,65,1024,2048,16,32,1222,1222,2038,127,1
macos,0b02737e824af2e22223eb77935affee2b55e504,65536,1,4,copy,0,1024,122730000,8343.518,117817.383,0,0.000,15363000,1124,935,1024,0,0,0,0,0,0,1185,1185,2050,127,1
macos,0b02737e824af2e22223eb77935affee2b55e504,65536,1,4,sg,0,1024,114464000,8946.044,111607.422,0,0.000,6994000,2087,2064,1024,0,0,0,0,0,0,2151,2151,2045,31,1
macos,0b02737e824af2e22223eb77935affee2b55e504,65536,1,4,batch_sg,1,1024,117843000,8689.528,113298.828,0,0.000,16292000,2070,1895,1024,0,1024,1024,2048,1,2,2126,2126,2042,127,1
macos,0b02737e824af2e22223eb77935affee2b55e504,64,8,4,batch_sg,2,524288,1278080000,410215.323,5150.110,0,0.000,12242000,311482,38364,534336,157,266253,524288,1048576,2,4,281327,281322,524288,128,8
macos,0b02737e824af2e22223eb77935affee2b55e504,64,8,4,batch_sg,4,524288,773098000,678164.993,3589.355,0,0.000,3476000,180612,37657,524288,0,135183,524288,1048576,4,8,150155,150152,524288,128,8
macos,0b02737e824af2e22223eb77935affee2b55e504,64,8,4,batch_sg,8,524288,922457000,568360.368,3364.412,0,0.000,10484000,114792,37469,524288,0,69670,524288,1048576,8,16,84262,84256,524288,128,8
macos,0b02737e824af2e22223eb77935affee2b55e504,64,8,4,batch_sg,16,524288,635197000,825394.326,2510.309,0,0.000,4733000,114808,37100,524288,0,36877,524288,1048576,16,32,83638,83636,524288,128,8
macos,0b02737e824af2e22223eb77935affee2b55e504,64,8,4,copy,0,524288,401862000,1304646.869,1729.366,0,0.000,1141000,82141,37089,524288,0,0,0,0,0,0,51641,51641,524288,128,8
macos,0b02737e824af2e22223eb77935affee2b55e504,64,8,4,sg,0,524288,1470759000,356474.446,6740.005,0,0.000,10174000,569459,557232,524288,0,0,0,0,0,0,539318,539313,524288,128,8
macos,0b02737e824af2e22223eb77935affee2b55e504,64,8,4,batch_sg,1,524288,1534703000,341621.799,7195.057,0,0.000,13002000,569459,40613,596672,1131,524288,524288,1048576,1,2,539394,539388,524288,128,8
macos,0b02737e824af2e22223eb77935affee2b55e504,64,1,4,batch_sg,2,65536,348290000,188165.035,4259.186,0,0.000,1151000,38925,4679,65536,0,33280,65536,131072,2,4,35081,35081,65536,128,1
macos,0b02737e824af2e22223eb77935affee2b55e504,64,1,4,batch_sg,4,65536,284058000,230713.446,3210.373,0,0.000,909000,22537,4643,65536,0,16897,65536,131072,4,8,18686,18686,65536,128,1
macos,0b02737e824af2e22223eb77935affee2b55e504,64,1,4,batch_sg,8,65536,280777000,233409.432,3027.069,0,0.000,834000,14360,4642,65536,0,8705,65536,131072,8,16,10464,10464,65536,128,1
macos,0b02737e824af2e22223eb77935affee2b55e504,64,1,4,batch_sg,16,65536,274904000,238395.949,2770.493,0,0.000,819000,14362,4644,65536,0,4609,65536,131072,16,32,10465,10465,65536,128,1
macos,0b02737e824af2e22223eb77935affee2b55e504,64,1,4,copy,0,65536,227646000,287885.577,2159.714,0,0.000,750000,10271,4639,65536,0,0,0,0,0,0,6382,6382,65536,128,1
macos,0b02737e824af2e22223eb77935affee2b55e504,64,1,4,sg,0,65536,519149000,126237.362,6708.328,0,0.000,1480000,71232,69696,65536,0,0,0,0,0,0,67379,67379,65536,128,1
macos,0b02737e824af2e22223eb77935affee2b55e504,64,1,4,batch_sg,1,65536,523467000,125196.049,6838.974,0,0.000,2099000,71182,4743,65536,0,65536,65536,131072,1,2,67341,67341,65536,128,1
macos,0b02737e824af2e22223eb77935affee2b55e504,64,1,5,batch_sg,4,65536,251821000,260248.351,2862.991,0,0.000,801000,22536,4642,65536,0,16897,65536,131072,4,8,18617,18617,65536,128,1
macos,0b02737e824af2e22223eb77935affee2b55e504,64,1,5,batch_sg,8,65536,218418000,300048.531,2296.173,0,0.000,688000,14405,4663,65536,0,8705,65536,131072,8,16,10398,10398,65536,128,1
macos,0b02737e824af2e22223eb77935affee2b55e504,64,1,5,batch_sg,16,65536,200201000,327351.012,2041.946,0,0.000,518000,14340,4622,65536,0,4609,65536,131072,16,32,10306,10306,65536,128,1
macos,0b02737e824af2e22223eb77935affee2b55e504,64,1,5,copy,0,65536,182236000,359621.590,1723.129,0,0.000,527000,10245,4615,65536,0,0,0,0,0,0,6262,6262,65536,128,1
macos,0b02737e824af2e22223eb77935affee2b55e504,64,1,5,sg,0,65536,704768000,92989.466,9039.749,0,0.000,4939000,71256,69720,65536,0,0,0,0,0,0,67375,67375,65536,128,1
macos,0b02737e824af2e22223eb77935affee2b55e504,64,1,5,batch_sg,1,65536,1371053000,47799.757,17548.889,0,0.000,5148000,71314,4997,65536,0,65536,65536,131072,1,2,67319,67319,65536,128,1
macos,0b02737e824af2e22223eb77935affee2b55e504,64,1,5,batch_sg,2,65536,669593000,97874.380,8733.459,0,0.000,2314000,39032,4785,65536,0,33280,65536,131072,2,4,35099,35099,65536,128,1
macos,0b02737e824af2e22223eb77935affee2b55e504,64,8,5,batch_sg,4,524288,967563000,541864.457,3596.188,0,0.000,7246000,180563,37559,524288,0,135183,524288,1048576,4,8,149640,149637,524288,128,8
macos,0b02737e824af2e22223eb77935affee2b55e504,64,8,5,batch_sg,8,524288,701227000,747672.294,2894.524,0,0.000,5750000,115713,37971,524288,0,69643,524288,1048576,8,16,84255,84249,524288,128,8
macos,0b02737e824af2e22223eb77935affee2b55e504,64,8,5,batch_sg,16,524288,584536000,896930.215,2734.928,0,0.000,1585000,115191,37441,524288,0,36872,524288,1048576,16,32,83872,83872,524288,128,8
macos,0b02737e824af2e22223eb77935affee2b55e504,64,8,5,copy,0,524288,518038000,1012064.752,2065.470,0,0.000,3132000,82195,37130,524288,0,0,0,0,0,0,51481,51476,524288,128,8
macos,0b02737e824af2e22223eb77935affee2b55e504,64,8,5,sg,0,524288,1470717000,356484.626,6697.443,0,0.000,11887000,570339,558011,524288,0,0,0,0,0,0,539713,539709,524288,128,8
macos,0b02737e824af2e22223eb77935affee2b55e504,64,8,5,batch_sg,1,524288,2480039000,211403.127,8840.088,0,0.000,49112000,570148,42995,831808,4805,524288,524288,1048576,1,2,539563,539559,524288,128,8
macos,0b02737e824af2e22223eb77935affee2b55e504,64,8,5,batch_sg,2,524288,1084002000,483659.624,4782.816,0,0.000,6633000,311614,38299,524288,0,266250,524288,1048576,2,4,281448,281444,524288,128,8
macos,0b02737e824af2e22223eb77935affee2b55e504,65536,1,5,batch_sg,4,1024,103640000,9880.355,101018.555,0,0.000,18001000,1296,1138,1024,0,257,1024,2048,4,8,1347,1347,2037,127,1
macos,0b02737e824af2e22223eb77935affee2b55e504,65536,1,5,batch_sg,8,1024,123202000,8311.553,120204.102,0,0.000,23277000,1189,1012,1024,0,129,1024,2048,8,16,1247,1247,2052,128,1
macos,0b02737e824af2e22223eb77935affee2b55e504,65536,1,5,batch_sg,16,1024,107537000,9522.304,104767.578,0,0.000,18828000,1182,1050,1024,0,65,1024,2048,16,32,1238,1238,2047,127,1
macos,0b02737e824af2e22223eb77935affee2b55e504,65536,1,5,copy,0,1024,111191000,9209.378,108541.016,0,0.000,15832000,1126,996,1024,0,0,0,0,0,0,1184,1184,2043,128,1
macos,0b02737e824af2e22223eb77935affee2b55e504,65536,1,5,sg,0,1024,102907000,9950.732,100267.578,0,0.000,8082000,2081,2065,1024,0,0,0,0,0,0,2134,2134,2049,49,1
macos,0b02737e824af2e22223eb77935affee2b55e504,65536,1,5,batch_sg,1,1024,134187000,7631.142,129759.766,0,0.000,21939000,2063,1837,1024,0,1024,1024,2048,1,2,2113,2113,2040,128,1
macos,0b02737e824af2e22223eb77935affee2b55e504,65536,1,5,batch_sg,2,1024,124754000,8208.154,121559.570,0,0.000,18174000,1573,1311,1344,5,513,1024,2048,2,4,1630,1630,2045,128,1
macos,0b02737e824af2e22223eb77935affee2b55e504,65536,8,5,batch_sg,4,8192,358058000,22878.975,117096.436,0,0.000,65913000,10369,8936,9664,23,2056,8192,16384,4,8,10980,10980,16306,128,8
macos,0b02737e824af2e22223eb77935affee2b55e504,65536,8,5,batch_sg,8,8192,307987000,26598.525,100654.785,0,0.000,61072000,9288,8160,8768,9,1035,8192,16384,8,16,9820,9820,16298,128,8
macos,0b02737e824af2e22223eb77935affee2b55e504,65536,8,5,batch_sg,16,8192,270748000,30256.918,92127.930,0,0.000,43179000,9367,8067,8192,0,521,8192,16384,16,32,9899,9899,16308,128,8
macos,0b02737e824af2e22223eb77935affee2b55e504,65536,8,5,copy,0,8192,366968000,22323.472,124460.205,0,0.000,53647000,8764,7634,8192,0,0,0,0,0,0,9264,9264,16274,128,8
macos,0b02737e824af2e22223eb77935affee2b55e504,65536,8,5,sg,0,8192,330311000,24800.869,106909.180,0,0.000,35345000,15993,15715,8192,0,0,0,0,0,0,17034,17034,16264,88,8
macos,0b02737e824af2e22223eb77935affee2b55e504,65536,8,5,batch_sg,1,8192,305407000,26823.223,102316.895,0,0.000,49959000,16470,14126,28992,325,8192,8192,16384,1,2,17156,17156,16305,128,8
macos,0b02737e824af2e22223eb77935affee2b55e504,65536,8,5,batch_sg,2,8192,302229000,27105.274,100997.681,0,0.000,49298000,12380,10694,14080,92,4104,8192,16384,2,4,12988,12988,16332,128,8
macos,0b02737e824af2e22223eb77935affee2b55e504,65536,8,6,batch_sg,8,8192,400305000,20464.396,116213.013,0,0.000,81910000,9276,8044,8192,0,1039,8192,16384,8,16,9800,9800,16288,128,8
macos,0b02737e824af2e22223eb77935affee2b55e504,65536,8,6,batch_sg,16,8192,471749000,17365.167,124480.469,0,0.000,92131000,9326,8094,8192,0,520,8192,16384,16,32,9880,9880,16312,128,8
macos,0b02737e824af2e22223eb77935affee2b55e504,65536,8,6,copy,0,8192,380531000,21527.812,100656.250,0,0.000,87423000,8756,7746,8192,0,0,0,0,0,0,9251,9251,16276,128,8
macos,0b02737e824af2e22223eb77935affee2b55e504,65536,8,6,sg,0,8192,378574000,21639.098,97860.474,0,0.000,46265000,16425,16279,8192,0,0,0,0,0,0,17189,17189,16326,55,8
macos,0b02737e824af2e22223eb77935affee2b55e504,65536,8,6,batch_sg,1,8192,283151000,28931.559,92388.306,0,0.000,45476000,16338,14111,23296,236,8192,8192,16384,1,2,17218,17218,16311,128,8
macos,0b02737e824af2e22223eb77935affee2b55e504,65536,8,6,batch_sg,2,8192,269144000,30437.238,90234.985,0,0.000,42413000,12509,10895,16384,128,4104,8192,16384,2,4,13159,13159,16374,128,8
macos,0b02737e824af2e22223eb77935affee2b55e504,65536,8,6,batch_sg,4,8192,290510000,28198.685,96009.766,0,0.000,57322000,10419,9059,9536,21,2056,8192,16384,4,8,10973,10973,16317,128,8
macos,0b02737e824af2e22223eb77935affee2b55e504,65536,1,6,batch_sg,8,1024,103424000,9900.990,100716.797,0,0.000,12383000,1170,994,1024,0,129,1024,2048,8,16,1221,1221,2039,128,1
macos,0b02737e824af2e22223eb77935affee2b55e504,65536,1,6,batch_sg,16,1024,109353000,9364.169,106495.117,0,0.000,14342000,1168,1026,1024,0,65,1024,2048,16,32,1220,1220,2039,127,1
macos,0b02737e824af2e22223eb77935affee2b55e504,65536,1,6,copy,0,1024,149697000,6840.484,145116.211,0,0.000,22296000,1110,943,1024,0,0,0,0,0,0,1173,1173,2043,122,1
macos,0b02737e824af2e22223eb77935affee2b55e504,65536,1,6,sg,0,1024,103398000,9903.480,100002.930,0,0.000,5119000,2083,2069,1024,0,0,0,0,0,0,2144,2144,2044,34,1
macos,0b02737e824af2e22223eb77935affee2b55e504,65536,1,6,batch_sg,1,1024,107811000,9498.103,104589.844,0,0.000,16787000,2086,1735,4352,52,1024,1024,2048,1,2,2152,2152,2051,127,1
macos,0b02737e824af2e22223eb77935affee2b55e504,65536,1,6,batch_sg,2,1024,116201000,8812.317,111924.805,0,0.000,16698000,1604,1423,1024,0,513,1024,2048,2,4,1660,1660,2054,128,1
macos,0b02737e824af2e22223eb77935affee2b55e504,65536,1,6,batch_sg,4,1024,130177000,7866.213,124573.242,0,0.000,23172000,1328,1111,1152,2,257,1024,2048,4,8,1388,1388,2051,127,1
macos,0b02737e824af2e22223eb77935affee2b55e504,64,8,6,batch_sg,8,524288,582984000,899317.992,2492.203,0,0.000,2941000,114850,37131,524288,0,69642,524288,1048576,8,16,84286,84285,524288,128,8
macos,0b02737e824af2e22223eb77935affee2b55e504,64,8,6,batch_sg,16,524288,518200000,1011748.360,2243.855,0,0.000,3361000,114752,37028,524288,0,36876,524288,1048576,16,32,83486,83484,524288,128,8
macos,0b02737e824af2e22223eb77935affee2b55e504,64,8,6,copy,0,524288,438120000,1196676.710,1960.743,0,0.000,1651000,82279,37220,524288,0,0,0,0,0,0,51571,51571,524288,128,8
macos,0b02737e824af2e22223eb77935affee2b55e504,64,8,6,sg,0,524288,1643838000,318941.404,7243.416,0,0.000,15437000,569621,557414,524288,0,0,0,0,0,0,539692,539685,524288,128,8
macos,0b02737e824af2e22223eb77935affee2b55e504,64,8,6,batch_sg,1,524288,1957445000,267843.030,8766.829,0,0.000,35210000,569871,42173,962880,6853,524288,524288,1048576,1,2,539786,539781,524288,128,8
macos,0b02737e824af2e22223eb77935affee2b55e504,64,8,6,batch_sg,2,524288,1602264000,327216.988,7014.513,0,0.000,17197000,311882,39965,552448,440,266268,524288,1048576,2,4,281444,281437,524288,128,8
macos,0b02737e824af2e22223eb77935affee2b55e504,64,8,6,batch_sg,4,524288,994806000,527025.370,4567.905,0,0.000,9295000,181860,39253,524288,0,135198,524288,1048576,4,8,150077,150070,524288,128,8
macos,0b02737e824af2e22223eb77935affee2b55e504,64,1,6,batch_sg,8,65536,279043000,234859.860,3182.037,0,0.000,758000,14363,4643,65536,0,8705,65536,131072,8,16,10506,10506,65536,128,1
macos,0b02737e824af2e22223eb77935affee2b55e504,64,1,6,batch_sg,16,65536,394658000,166057.701,3552.048,0,0.000,2627000,14460,4710,65536,0,4610,65536,131072,16,32,10455,10454,65536,128,1
macos,0b02737e824af2e22223eb77935affee2b55e504,64,1,6,copy,0,65536,485914000,134871.603,2539.001,0,0.000,5201000,10286,4660,65536,0,0,0,0,0,0,6379,6378,65536,128,1
macos,0b02737e824af2e22223eb77935affee2b55e504,64,1,6,sg,0,65536,720452000,90965.116,8792.801,0,0.000,2661000,71269,69735,65536,0,0,0,0,0,0,67429,67428,65536,128,1
macos,0b02737e824af2e22223eb77935affee2b55e504,64,1,6,batch_sg,1,65536,724056000,90512.336,8415.421,0,0.000,3985000,71278,4810,65536,0,65536,65536,131072,1,2,67373,67373,65536,128,1
macos,0b02737e824af2e22223eb77935affee2b55e504,64,1,6,batch_sg,2,65536,515540000,127121.077,5348.770,0,0.000,2020000,38939,4704,65536,0,33280,65536,131072,2,4,35125,35124,65536,128,1
macos,0b02737e824af2e22223eb77935affee2b55e504,64,1,6,batch_sg,4,65536,365180000,179462.183,4471.512,0,0.000,1043000,22550,4656,65536,0,16897,65536,131072,4,8,18719,18719,65536,128,1
macos,0b02737e824af2e22223eb77935affee2b55e504,64,1,7,batch_sg,16,65536,276636000,236903.368,2931.671,0,0.000,1195000,14470,4691,65536,0,4609,65536,131072,16,32,10396,10396,65536,128,1
macos,0b02737e824af2e22223eb77935affee2b55e504,64,1,7,copy,0,65536,264923000,247377.540,2727.936,0,0.000,728000,10303,4664,65536,0,0,0,0,0,0,6419,6419,65536,128,1
macos,0b02737e824af2e22223eb77935affee2b55e504,64,1,7,sg,0,65536,648716000,101024.177,8139.145,0,0.000,2305000,71304,69766,65536,0,0,0,0,0,0,67531,67531,65536,128,1
macos,0b02737e824af2e22223eb77935affee2b55e504,64,1,7,batch_sg,1,65536,655791000,99934.278,8556.305,0,0.000,2655000,71216,4777,65536,0,65536,65536,131072,1,2,67393,67393,65536,128,1
macos,0b02737e824af2e22223eb77935affee2b55e504,64,1,7,batch_sg,2,65536,504798000,129826.188,5935.089,0,0.000,2060000,39015,4739,65536,0,33280,65536,131072,2,4,35140,35140,65536,128,1
macos,0b02737e824af2e22223eb77935affee2b55e504,64,1,7,batch_sg,4,65536,370684000,176797.488,4126.038,0,0.000,1114000,22631,4733,65536,0,16897,65536,131072,4,8,18767,18767,65536,128,1
macos,0b02737e824af2e22223eb77935affee2b55e504,64,1,7,batch_sg,8,65536,337648000,194095.626,3402.725,0,0.000,770000,14415,4696,65536,0,8705,65536,131072,8,16,10602,10602,65536,128,1
macos,0b02737e824af2e22223eb77935affee2b55e504,64,8,7,batch_sg,16,524288,801817000,653874.887,3773.710,0,0.000,4508000,116876,38999,524288,0,36890,524288,1048576,16,32,83911,83908,524288,128,8
macos,0b02737e824af2e22223eb77935affee2b55e504,64,8,7,copy,0,524288,649273000,807500.081,2990.662,0,0.000,4110000,83401,38312,524288,0,0,0,0,0,0,51321,51318,524288,128,8
macos,0b02737e824af2e22223eb77935affee2b55e504,64,8,7,sg,0,524288,2359039000,222246.432,10532.351,0,0.000,26129000,571624,559436,524288,0,0,0,0,0,0,540404,540397,524288,128,8
macos,0b02737e824af2e22223eb77935affee2b55e504,64,8,7,batch_sg,1,524288,2755677000,190257.421,10561.625,0,0.000,53522000,573452,47123,809088,4450,524288,524288,1048576,1,2,540580,540575,524288,128,8
macos,0b02737e824af2e22223eb77935affee2b55e504,64,8,7,batch_sg,2,524288,1550453000,338151.495,6997.509,0,0.000,15627000,312566,39961,532096,122,266257,524288,1048576,2,4,281725,281717,524288,128,8
macos,0b02737e824af2e22223eb77935affee2b55e504,64,8,7,batch_sg,4,524288,1055116000,496900.815,4870.869,0,0.000,4853000,182211,39256,524288,0,135184,524288,1048576,4,8,150208,150204,524288,128,8
macos,0b02737e824af2e22223eb77935affee2b55e504,64,8,7,batch_sg,8,524288,787221000,665998.493,3703.859,0,0.000,3838000,116092,38291,524288,0,69644,524288,1048576,8,16,84233,84231,524288,128,8
macos,0b02737e824af2e22223eb77935affee2b55e504,65536,1,7,batch_sg,16,1024,167470000,6114.528,162926.758,0,0.000,22526000,1175,1009,1024,0,65,1024,2048,16,32,1233,1233,2038,124,1
macos,0b02737e824af2e22223eb77935affee2b55e504,65536,1,7,copy,0,1024,168190000,6088.352,163427.734,0,0.000,28114000,1099,914,1024,0,0,0,0,0,0,1149,1149,2039,127,1
macos,0b02737e824af2e22223eb77935affee2b55e504,65536,1,7,sg,0,1024,150763000,6792.117,144644.531,0,0.000,16565000,1934,1904,1024,0,0,0,0,0,0,2096,2096,2034,90,1
macos,0b02737e824af2e22223eb77935affee2b55e504,65536,1,7,batch_sg,1,1024,165242000,6196.972,159790.039,0,0.000,25714000,1969,1767,1600,9,1024,1024,2048,1,2,2115,2115,2037,128,1
macos,0b02737e824af2e22223eb77935affee2b55e504,65536,1,7,batch_sg,2,1024,132079000,7752.936,128064.453,0,0.000,16329000,1548,1466,1024,0,513,1024,2048,2,4,1594,1594,2039,127,1
macos,0b02737e824af2e22223eb77935affee2b55e504,65536,1,7,batch_sg,4,1024,116427000,8795.211,112934.570,0,0.000,15345000,1288,1198,1024,0,259,1024,2048,4,8,1336,1336,2038,127,1
macos,0b02737e824af2e22223eb77935affee2b55e504,65536,1,7,batch_sg,8,1024,164600000,6221.142,158909.180,0,0.000,26409000,1152,1041,1024,0,129,1024,2048,8,16,1204,1204,2034,125,1
macos,0b02737e824af2e22223eb77935affee2b55e504,65536,8,7,batch_sg,16,8192,479730000,17076.272,159226.074,0,0.000,85143000,9243,8105,8768,9,528,8192,16384,16,32,9848,9848,16285,128,8
macos,0b02737e824af2e22223eb77935affee2b55e504,65536,8,7,copy,0,8192,439936000,18620.890,144375.610,0,0.000,67662000,8804,7550,8192,0,0,0,0,0,0,9370,9370,16292,128,8
macos,0b02737e824af2e22223eb77935affee2b55e504,65536,8,7,sg,0,8192,458834000,17853.952,148463.257,0,0.000,62021000,16289,15919,8192,0,0,0,0,0,0,17062,17062,16263,117,8
macos,0b02737e824af2e22223eb77935affee2b55e504,65536,8,7,batch_sg,1,8192,486076000,16853.332,146920.410,0,0.000,90200000,16059,13847,20416,191,8192,8192,16384,1,2,17037,17037,16277,128,8
macos,0b02737e824af2e22223eb77935affee2b55e504,65536,8,7,batch_sg,2,8192,391187000,20941.391,129716.675,0,0.000,66694000,12426,10711,17280,142,4104,8192,16384,2,4,13086,13086,16343,128,8
macos,0b02737e824af2e22223eb77935affee2b55e504,65536,8,7,batch_sg,4,8192,408409000,20058.324,128673.950,0,0.000,69036000,10267,8857,9792,25,2059,8192,16384,4,8,10908,10908,16294,128,8
macos,0b02737e824af2e22223eb77935affee2b55e504,65536,8,7,batch_sg,8,8192,406239000,20165.469,126813.721,0,0.000,149641000,9311,8156,8256,1,1032,8192,16384,8,16,9846,9846,16291,128,8
macos,0b02737e824af2e22223eb77935affee2b55e504,65536,8,8,copy,0,8192,454035000,18042.662,150294.189,0,0.000,112262000,8761,7766,8192,0,0,0,0,0,0,9295,9295,16272,128,8
macos,0b02737e824af2e22223eb77935affee2b55e504,65536,8,8,sg,0,8192,395402000,20718.155,127629.639,0,0.000,38383000,16113,15951,8192,0,0,0,0,0,0,17117,17117,16285,92,8
macos,0b02737e824af2e22223eb77935affee2b55e504,65536,8,8,batch_sg,1,8192,403538000,20300.443,133141.113,0,0.000,74213000,16211,14011,20288,189,8192,8192,16384,1,2,16993,16993,16251,128,8
macos,0b02737e824af2e22223eb77935affee2b55e504,65536,8,8,batch_sg,2,8192,388203000,21102.361,129472.412,0,0.000,70601000,12170,10563,13312,80,4105,8192,16384,2,4,13018,13018,16322,128,8
macos,0b02737e824af2e22223eb77935affee2b55e504,65536,8,8,batch_sg,4,8192,390375000,20984.950,126872.925,0,0.000,74097000,10247,8968,8448,4,2059,8192,16384,4,8,10844,10844,16289,128,8
macos,0b02737e824af2e22223eb77935affee2b55e504,65536,8,8,batch_sg,8,8192,536989000,15255.434,138766.602,0,0.000,148472000,9254,7999,8640,7,1043,8192,16384,8,16,9785,9785,16278,128,8
macos,0b02737e824af2e22223eb77935affee2b55e504,65536,8,8,batch_sg,16,8192,562132000,14573.090,138543.945,0,0.000,98251000,9320,7982,8192,0,523,8192,16384,16,32,9911,9912,16309,128,8
macos,0b02737e824af2e22223eb77935affee2b55e504,65536,1,8,copy,0,1024,160952000,6362.145,153421.875,0,0.000,23237000,1106,964,1024,0,0,0,0,0,0,1163,1163,2041,127,1
macos,0b02737e824af2e22223eb77935affee2b55e504,65536,1,8,sg,0,1024,159230000,6430.949,152708.008,0,0.000,17308000,1946,1901,1024,0,0,0,0,0,0,2098,2098,2036,97,1
macos,0b02737e824af2e22223eb77935affee2b55e504,65536,1,8,batch_sg,1,1024,139976000,7315.540,135302.734,0,0.000,19436000,2056,1941,1024,0,1024,1024,2048,1,2,2103,2103,2035,127,1
macos,0b02737e824af2e22223eb77935affee2b55e504,65536,1,8,batch_sg,2,1024,158195000,6473.024,153890.625,0,0.000,24847000,1550,1327,1024,0,513,1024,2048,2,4,1600,1600,2035,128,1
macos,0b02737e824af2e22223eb77935affee2b55e504,65536,1,8,batch_sg,4,1024,144209000,7100.805,140062.500,0,0.000,19605000,1286,1114,1024,0,257,1024,2048,4,8,1328,1328,2037,128,1
macos,0b02737e824af2e22223eb77935affee2b55e504,65536,1,8,batch_sg,8,1024,142191000,7201.581,138303.711,0,0.000,19876000,1162,1059,1024,0,129,1024,2048,8,16,1215,1215,2036,126,1
macos,0b02737e824af2e22223eb77935affee2b55e504,65536,1,8,batch_sg,16,1024,188234000,5440.037,172091.797,0,0.000,33000000,1162,1030,1024,0,65,1024,2048,16,32,1213,1213,2033,128,1
macos,0b02737e824af2e22223eb77935affee2b55e504,64,8,8,copy,0,524288,582429000,900174.957,2343.937,0,0.000,4227000,83262,37955,524288,0,0,0,0,0,0,51389,51384,524288,128,8
macos,0b02737e824af2e22223eb77935affee2b55e504,64,8,8,sg,0,524288,2153121000,243501.410,9437.534,0,0.000,24115000,575959,563617,524288,0,0,0,0,0,0,541849,541842,524288,128,8
macos,0b02737e824af2e22223eb77935affee2b55e504,64,8,8,batch_sg,1,524288,2016006000,260062.718,8823.294,0,0.000,28938000,571572,45764,527104,44,524288,524288,1048576,1,2,540588,540584,524288,128,8
macos,0b02737e824af2e22223eb77935affee2b55e504,64,8,8,batch_sg,2,524288,1366285000,383732.530,6105.005,0,0.000,15633000,312668,40596,524288,0,266263,524288,1048576,2,4,281704,281697,524288,128,8
macos,0b02737e824af2e22223eb77935affee2b55e504,64,8,8,batch_sg,4,524288,799880000,655458.319,3475.445,0,0.000,6775000,180978,37958,524288,0,135183,524288,1048576,4,8,150220,150216,524288,128,8
macos,0b02737e824af2e22223eb77935affee2b55e504,64,8,8,batch_sg,8,524288,628768000,833833.783,3020.985,0,0.000,1722000,115028,37281,524288,0,69640,524288,1048576,8,16,84320,84320,524288,128,8
macos,0b02737e824af2e22223eb77935affee2b55e504,64,8,8,batch_sg,16,524288,530414000,988450.531,2516.426,0,0.000,2242000,114923,37207,524288,0,36874,524288,1048576,16,32,83673,83672,524288,128,8
macos,0b02737e824af2e22223eb77935affee2b55e504,64,1,8,copy,0,65536,181569000,360942.672,1693.558,0,0.000,493000,10282,4647,65536,0,0,0,0,0,0,6277,6277,65536,128,1
macos,0b02737e824af2e22223eb77935affee2b55e504,64,1,8,sg,0,65536,475076000,137948.455,6218.231,0,0.000,1438000,71178,69643,65536,0,0,0,0,0,0,67350,67350,65536,128,1
macos,0b02737e824af2e22223eb77935affee2b55e504,64,1,8,batch_sg,1,65536,639907000,102414.882,8504.791,0,0.000,3063000,71343,4904,65536,0,65536,65536,131072,1,2,67393,67393,65536,128,1
macos,0b02737e824af2e22223eb77935affee2b55e504,64,1,8,batch_sg,2,65536,534020000,122721.995,6283.142,0,0.000,2400000,38944,4697,65536,0,33280,65536,131072,2,4,35096,35096,65536,128,1
macos,0b02737e824af2e22223eb77935affee2b55e504,64,1,8,batch_sg,4,65536,337988000,193900.375,3827.393,0,0.000,1234000,22559,4665,65536,0,16897,65536,131072,4,8,18671,18671,65536,128,1
macos,0b02737e824af2e22223eb77935affee2b55e504,64,1,8,batch_sg,8,65536,288719000,226988.872,3036.728,0,0.000,912000,14365,4643,65536,0,8705,65536,131072,8,16,10506,10506,65536,128,1
macos,0b02737e824af2e22223eb77935affee2b55e504,64,1,8,batch_sg,16,65536,237947000,275422.678,2556.778,0,0.000,611000,14345,4627,65536,0,4609,65536,131072,16,32,10378,10378,65536,128,1
macos,0b02737e824af2e22223eb77935affee2b55e504,64,1,9,sg,0,65536,564040000,116190.341,7251.572,0,0.000,2371000,71289,69741,65536,0,0,0,0,0,0,67417,67417,65536,128,1
macos,0b02737e824af2e22223eb77935affee2b55e504,64,1,9,batch_sg,1,65536,665733000,98441.868,8647.018,0,0.000,3645000,71292,4850,65536,0,65536,65536,131072,1,2,67406,67406,65536,128,1
macos,0b02737e824af2e22223eb77935affee2b55e504,64,1,9,batch_sg,2,65536,603153000,108655.681,6300.766,0,0.000,5553000,39044,4840,65536,0,33280,65536,131072,2,4,35176,35175,65536,128,1
macos,0b02737e824af2e22223eb77935affee2b55e504,64,1,9,batch_sg,4,65536,435661000,150428.889,4430.618,0,0.000,1925000,22569,4698,65536,0,16897,65536,131072,4,8,18735,18735,65536,128,1
macos,0b02737e824af2e22223eb77935affee2b55e504,64,1,9,batch_sg,8,65536,297526000,220269.825,3388.489,0,0.000,1297000,14385,4667,65536,0,8705,65536,131072,8,16,10499,10499,65536,128,1
macos,0b02737e824af2e22223eb77935affee2b55e504,64,1,9,batch_sg,16,65536,277281000,236352.292,3020.538,0,0.000,1152000,14361,4643,65536,0,4609,65536,131072,16,32,10424,10424,65536,128,1
macos,0b02737e824af2e22223eb77935affee2b55e504,64,1,9,copy,0,65536,220935000,296630.231,2246.262,0,0.000,985000,10280,4647,65536,0,0,0,0,0,0,6387,6387,65536,128,1
macos,0b02737e824af2e22223eb77935affee2b55e504,64,8,9,sg,0,524288,1903092000,275492.724,8298.857,0,0.000,17678000,571044,558764,524288,0,0,0,0,0,0,539957,539950,524288,128,8
macos,0b02737e824af2e22223eb77935affee2b55e504,64,8,9,batch_sg,1,524288,2070455000,253223.567,9167.418,0,0.000,38554000,572215,47257,827584,4739,524288,524288,1048576,1,2,540666,540659,524288,128,8
macos,0b02737e824af2e22223eb77935affee2b55e504,64,8,9,batch_sg,2,524288,1447899000,362102.605,6555.408,0,0.000,14314000,311545,39052,524288,0,266260,524288,1048576,2,4,281567,281560,524288,128,8
macos,0b02737e824af2e22223eb77935affee2b55e504,64,8,9,batch_sg,4,524288,1012513000,517808.660,4216.986,0,0.000,5886000,180838,37858,524288,0,135183,524288,1048576,4,8,149987,149985,524288,128,8
macos,0b02737e824af2e22223eb77935affee2b55e504,64,8,9,batch_sg,8,524288,808706000,648304.823,2832.285,0,0.000,8723000,114797,37311,524288,0,69656,524288,1048576,8,16,84154,84149,524288,128,8
macos,0b02737e824af2e22223eb77935affee2b55e504,64,8,9,batch_sg,16,524288,585427000,895565.117,2559.002,0,0.000,1932000,115118,37339,524288,0,36874,524288,1048576,16,32,83588,83586,524288,128,8
macos,0b02737e824af2e22223eb77935affee2b55e504,64,8,9,copy,0,524288,541521000,968176.673,2372.206,0,0.000,1699000,82371,37320,524288,0,0,0,0,0,0,51335,51335,524288,128,8
macos,0b02737e824af2e22223eb77935affee2b55e504,65536,1,9,sg,0,1024,97413000,10511.944,94926.758,0,0.000,4863000,2073,2046,1024,0,0,0,0,0,0,2133,2133,2039,36,1
macos,0b02737e824af2e22223eb77935affee2b55e504,65536,1,9,batch_sg,1,1024,111393000,9192.678,108539.062,0,0.000,19289000,2085,1813,1024,0,1024,1024,2048,1,2,2143,2143,2048,128,1
macos,0b02737e824af2e22223eb77935affee2b55e504,65536,1,9,batch_sg,2,1024,167181000,6125.098,162110.352,0,0.000,29094000,1534,1405,1024,0,513,1024,2048,2,4,1580,1580,2030,127,1
macos,0b02737e824af2e22223eb77935affee2b55e504,65536,1,9,batch_sg,4,1024,122057000,8389.523,117511.719,0,0.000,18157000,1282,1217,1024,0,259,1024,2048,4,8,1326,1327,2032,127,1
macos,0b02737e824af2e22223eb77935affee2b55e504,65536,1,9,batch_sg,8,1024,131715000,7774.361,128061.523,0,0.000,27203000,1180,1071,1024,0,132,1024,2048,8,16,1211,1211,2035,127,1
macos,0b02737e824af2e22223eb77935affee2b55e504,65536,1,9,batch_sg,16,1024,129098000,7931.959,125735.352,0,0.000,23527000,1159,1035,1024,0,65,1024,2048,16,32,1204,1204,2038,125,1
macos,0b02737e824af2e22223eb77935affee2b55e504,65536,1,9,copy,0,1024,170609000,6002.028,165700.195,0,0.000,27775000,1110,943,1024,0,0,0,0,0,0,1164,1164,2042,128,1
macos,0b02737e824af2e22223eb77935affee2b55e504,65536,8,9,sg,0,8192,409472000,20006.252,134022.583,0,0.000,40333000,16285,15905,8192,0,0,0,0,0,0,17081,17081,16272,90,8
macos,0b02737e824af2e22223eb77935affee2b55e504,65536,8,9,batch_sg,1,8192,363892000,22512.174,119584.961,0,0.000,55468000,15973,13852,24768,259,8192,8192,16384,1,2,17003,17003,16279,128,8
macos,0b02737e824af2e22223eb77935affee2b55e504,65536,8,9,batch_sg,2,8192,390969000,20953.068,129132.690,0,0.000,77810000,12427,10747,17600,147,4104,8192,16384,2,4,13104,13104,16349,128,8
macos,0b02737e824af2e22223eb77935affee2b55e504,65536,8,9,batch_sg,4,8192,310592000,26375.438,103850.098,0,0.000,66937000,10353,9008,9536,21,2056,8192,16384,4,8,10937,10937,16315,128,8
macos,0b02737e824af2e22223eb77935affee2b55e504,65536,8,9,batch_sg,8,8192,361599000,22654.930,119836.426,0,0.000,58462000,9349,8065,8256,1,1032,8192,16384,8,16,9911,9911,16317,128,8
macos,0b02737e824af2e22223eb77935affee2b55e504,65536,8,9,batch_sg,16,8192,281849000,29065.209,95518.066,0,0.000,50312000,9319,8147,8192,0,521,8192,16384,16,32,9843,9843,16315,128,8
macos,0b02737e824af2e22223eb77935affee2b55e504,65536,8,9,copy,0,8192,285766000,28666.811,96682.007,0,0.000,49411000,8780,7838,8192,0,0,0,0,0,0,9219,9219,16283,128,8
macos,0b02737e824af2e22223eb77935affee2b55e504,65536,8,10,batch_sg,1,8192,301343000,27184.969,100971.313,0,0.000,50473000,16202,13987,27712,305,8192,8192,16384,1,2,17261,17261,16339,128,8
macos,0b02737e824af2e22223eb77935affee2b55e504,65536,8,10,batch_sg,2,8192,272542000,30057.753,92295.532,0,0.000,46152000,12374,10613,14272,95,4104,8192,16384,2,4,13019,13019,16323,128,8
macos,0b02737e824af2e22223eb77935affee2b55e504,65536,8,10,batch_sg,4,8192,303726000,26971.678,102022.705,0,0.000,55879000,10454,9150,8896,11,2056,8192,16384,4,8,11030,11030,16347,128,8
macos,0b02737e824af2e22223eb77935affee2b55e504,65536,8,10,batch_sg,8,8192,292702000,27987.509,97545.654,0,0.000,46604000,9363,8041,8192,0,1032,8192,16384,8,16,9884,9884,16324,128,8
macos,0b02737e824af2e22223eb77935affee2b55e504,65536,8,10,batch_sg,16,8192,279851000,29272.720,95491.333,0,0.000,44064000,9325,8083,8768,9,523,8192,16384,16,32,9812,9812,16309,128,8
macos,0b02737e824af2e22223eb77935affee2b55e504,65536,8,10,copy,0,8192,265589000,30844.651,90690.063,0,0.000,37801000,8792,7721,8192,0,0,0,0,0,0,9237,9237,16281,128,8
macos,0b02737e824af2e22223eb77935affee2b55e504,65536,8,10,sg,0,8192,261130000,31371.348,86670.166,0,0.000,20395000,16181,16061,8192,0,0,0,0,0,0,17199,17199,16254,42,8
macos,0b02737e824af2e22223eb77935affee2b55e504,65536,1,10,batch_sg,1,1024,97362000,10517.450,94506.836,0,0.000,12004000,2069,1867,1024,0,1024,1024,2048,1,2,2123,2123,2043,127,1
macos,0b02737e824af2e22223eb77935affee2b55e504,65536,1,10,batch_sg,2,1024,108642000,9425.452,105305.664,0,0.000,14039000,1576,1399,1024,0,513,1024,2048,2,4,1637,1637,2045,127,1
macos,0b02737e824af2e22223eb77935affee2b55e504,65536,1,10,batch_sg,4,1024,112307000,9117.864,107673.828,0,0.000,16632000,1341,1134,1216,3,257,1024,2048,4,8,1405,1405,2065,127,1
macos,0b02737e824af2e22223eb77935affee2b55e504,65536,1,10,batch_sg,8,1024,102194000,10020.158,97829.102,0,0.000,13988000,1163,1026,1024,0,129,1024,2048,8,16,1225,1225,2035,125,1
macos,0b02737e824af2e22223eb77935affee2b55e504,65536,1,10,batch_sg,16,1024,102707000,9970.109,99841.797,0,0.000,13162000,1155,983,1024,0,65,1024,2048,16,32,1201,1201,2030,127,1
macos,0b02737e824af2e22223eb77935affee2b55e504,65536,1,10,copy,0,1024,98764000,10368.150,96365.234,0,0.000,12450000,1130,974,1024,0,0,0,0,0,0,1192,1192,2050,126,1
macos,0b02737e824af2e22223eb77935affee2b55e504,65536,1,10,sg,0,1024,91155000,11233.613,88888.672,0,0.000,3908000,2113,2082,1024,0,0,0,0,0,0,2175,2175,2059,28,1
macos,0b02737e824af2e22223eb77935affee2b55e504,64,8,10,batch_sg,1,524288,2008245000,261067.748,6673.187,0,0.000,39589000,569072,41933,655936,2057,524288,524288,1048576,1,2,539248,539243,524288,128,8
macos,0b02737e824af2e22223eb77935affee2b55e504,64,8,10,batch_sg,2,524288,913104000,574182.130,4086.531,0,0.000,5466000,311401,37868,524288,0,266247,524288,1048576,2,4,281225,281223,524288,128,8
macos,0b02737e824af2e22223eb77935affee2b55e504,64,8,10,batch_sg,4,524288,822579000,637371.000,3032.692,0,0.000,7839000,180229,37489,524288,0,135182,524288,1048576,4,8,149613,149607,524288,128,8
macos,0b02737e824af2e22223eb77935affee2b55e504,64,8,10,batch_sg,8,524288,500488000,1047553.588,2251.921,0,0.000,1431000,114761,37017,524288,0,69640,524288,1048576,8,16,84164,84164,524288,128,8
macos,0b02737e824af2e22223eb77935affee2b55e504,64,8,10,batch_sg,16,524288,418808000,1251857.653,1975.864,0,0.000,854000,114723,36979,524288,0,36872,524288,1048576,16,32,83579,83579,524288,128,8
macos,0b02737e824af2e22223eb77935affee2b55e504,64,8,10,copy,0,524288,413536000,1267817.070,1515.230,0,0.000,756000,82038,36998,524288,0,0,0,0,0,0,51486,51486,524288,128,8
macos,0b02737e824af2e22223eb77935affee2b55e504,64,8,10,sg,0,524288,1260931000,415794.361,5814.672,0,0.000,6301000,569240,556995,524288,0,0,0,0,0,0,539282,539277,524288,128,8
macos,0b02737e824af2e22223eb77935affee2b55e504,64,1,10,batch_sg,1,65536,443712000,147699.409,5769.318,0,0.000,1154000,71171,4732,65536,0,65536,65536,131072,1,2,67348,67348,65536,128,1
macos,0b02737e824af2e22223eb77935affee2b55e504,64,1,10,batch_sg,2,65536,319101000,205376.981,3868.042,0,0.000,797000,38916,4670,65536,0,33280,65536,131072,2,4,35082,35082,65536,128,1
macos,0b02737e824af2e22223eb77935affee2b55e504,64,1,10,batch_sg,4,65536,257224000,254781.824,2915.955,0,0.000,649000,22539,4645,65536,0,16897,65536,131072,4,8,18650,18650,65536,128,1
macos,0b02737e824af2e22223eb77935affee2b55e504,64,1,10,batch_sg,8,65536,225596000,290501.605,2347.610,0,0.000,552000,14343,4625,65536,0,8705,65536,131072,8,16,10425,10425,65536,128,1
macos,0b02737e824af2e22223eb77935affee2b55e504,64,1,10,batch_sg,16,65536,286658000,228620.865,2420.547,0,0.000,812000,14345,4630,65536,0,4610,65536,131072,16,32,10367,10366,65536,128,1
macos,0b02737e824af2e22223eb77935affee2b55e504,64,1,10,copy,0,65536,188379000,347894.404,1833.298,0,0.000,400000,10355,4721,65536,0,0,0,0,0,0,6341,6341,65536,128,1
macos,0b02737e824af2e22223eb77935affee2b55e504,64,1,10,sg,0,65536,445167000,147216.663,5726.471,0,0.000,1661000,71233,69697,65536,0,0,0,0,0,0,67410,67410,65536,128,1
